-- phpMyAdmin SQL Dump
-- version 4.6.6deb5
-- https://www.phpmyadmin.net/
--
-- Host: localhost:3306
-- Generation Time: Nov 01, 2019 at 09:18 AM
-- Server version: 5.7.27-0ubuntu0.18.04.1
-- PHP Version: 7.2.19-0ubuntu0.18.04.2

SET SQL_MODE = "NO_AUTO_VALUE_ON_ZERO";
SET time_zone = "+00:00";


/*!40101 SET @OLD_CHARACTER_SET_CLIENT=@@CHARACTER_SET_CLIENT */;
/*!40101 SET @OLD_CHARACTER_SET_RESULTS=@@CHARACTER_SET_RESULTS */;
/*!40101 SET @OLD_COLLATION_CONNECTION=@@COLLATION_CONNECTION */;
/*!40101 SET NAMES utf8mb4 */;

--
-- Database: `ebonpas`
--

-- --------------------------------------------------------

--
-- Table structure for table `bon`
--

CREATE TABLE `bon` (
  `bon_id` varchar(50) NOT NULL,
  `bon_user` varchar(50) NOT NULL,
  `bon_keterangan` text NOT NULL,
  `bon_status` text NOT NULL,
  `bon_jam_masuk` datetime NOT NULL,
  `bon_jam_keluar` datetime NOT NULL,
  `bon_created_at` timestamp NOT NULL DEFAULT CURRENT_TIMESTAMP,
  `bon_updated_at` timestamp NOT NULL DEFAULT CURRENT_TIMESTAMP,
  `bon_subagian` varchar(50) NOT NULL
) ENGINE=MyISAM DEFAULT CHARSET=latin1;

--
-- Dumping data for table `bon`
--

INSERT INTO `bon` (`bon_id`, `bon_user`, `bon_keterangan`, `bon_status`, `bon_jam_masuk`, `bon_jam_keluar`, `bon_created_at`, `bon_updated_at`, `bon_subagian`) VALUES
('BON-201695-20190219075753', 'USR-8068201811180337385788', '', 'arsip', '2019-02-19 07:57:53', '2019-02-19 07:57:53', '2019-06-19 11:58:16', '2019-06-19 11:58:16', '1'),
('BON-41160487-20190208065648', 'USR-8068201811180337385788', '', 'selesai', '2019-02-08 18:56:49', '2019-02-08 18:56:49', '2019-06-19 11:58:16', '2019-06-19 11:58:16', '1'),
('BON-46913960-20190208085137', 'USR-8068201811180337385788', 'keterangan test 1', 'selesai', '2019-02-08 20:51:00', '2019-02-08 20:51:00', '2019-06-19 11:58:16', '2019-06-19 11:58:16', '1'),
('BON-57269642-20190208040042', 'USR-575068889-20190203091221', 'membantu mengangkat bangku', 'selesai', '0000-00-00 00:00:00', '0000-00-00 00:00:00', '2019-06-19 11:58:16', '2019-06-19 11:58:16', '3'),
('BON-76762947-20190207082605', 'USR-8068201811180337385788', 'asdasd', 'selesai', '2019-02-07 16:00:00', '2019-02-07 12:30:00', '2019-06-19 11:58:16', '2019-06-19 11:58:16', '1'),
('BON-83914049-20190208085443', 'USR-981722657-20190203100541', 'keterangan test 1', 'selesai', '2019-02-08 20:54:00', '2019-02-08 20:54:00', '2019-06-19 11:58:16', '2019-06-19 11:58:16', '5'),
('BON-79886704-20190309122351', 'USR-575068889-20190203091221', '', 'menunggu', '2019-03-09 00:23:51', '2019-03-09 00:23:51', '2019-06-19 11:58:16', '2019-06-19 11:58:16', '3'),
('BON-56278283-20190311044845', 'USR-575068889-20190203091221', '', 'terima', '2019-03-11 04:48:45', '2019-03-11 04:48:45', '2019-06-19 11:58:16', '2019-06-19 11:58:16', '3'),
('BON-12672025-20190317062725', 'USR-8068201811180337385788', 'Memasak', 'tolak', '2019-03-17 06:27:25', '2019-02-03 00:00:00', '2019-06-19 11:58:16', '2019-06-19 11:58:16', '1'),
('BON-4288684-20190317062730', 'USR-8068201811180337385788', 'Memasak', 'terima', '2019-03-17 06:27:30', '2019-02-03 00:00:00', '2019-06-19 11:58:16', '2019-06-19 11:58:16', '1'),
('BON-1560751691728948421851', 'USR-8068201811180337385788', 'adasdas', 'menunggu', '2019-07-17 13:08:00', '2019-07-17 13:08:00', '2019-06-19 11:58:16', '2019-06-19 11:58:16', '1'),
('BON-1560752130549119872768', 'USR-8068201811180337385788', 'asdasd', 'menunggu', '2019-07-18 13:15:00', '2019-07-17 13:15:00', '2019-06-19 11:58:16', '2019-06-19 11:58:16', '1'),
('BON-1560950245206893538661', 'USR-8068201811180337385788', 'asdasdas', 'menunggu', '2019-07-20 20:17:00', '2019-07-19 20:17:00', '2019-06-19 13:17:25', '2019-06-19 13:17:25', '1'),
('BON-1560950270457935585527', 'USR-8068201811180337385788', 'asdasdas', 'menunggu', '2019-07-20 20:17:00', '2019-07-19 20:17:00', '2019-06-19 13:17:50', '2019-06-19 13:17:50', '1'),
('BON-1560950317403250791070', 'USR-8068201811180337385788', 'makan siang', 'arsip', '2019-07-19 23:18:00', '2019-07-19 20:18:00', '2019-06-19 13:18:37', '2019-06-19 13:18:37', '1'),
('BON-157058495300871836622', 'USR-8068201811180337385788', 'oke makan makan', 'menunggu', '2019-10-09 00:00:00', '2019-10-16 00:00:00', '2019-10-09 01:35:53', '2019-10-09 01:35:53', '1'),
('BON-157058540323836028981', 'USR-8068201811180337385788', 'bakan lagi', 'tolak', '2019-10-09 00:00:00', '2019-10-10 00:00:00', '2019-10-09 01:43:23', '2019-10-09 01:43:23', '1'),
('BON-15705854065584988769', 'USR-8068201811180337385788', 'bakan lagi', 'selesai', '2019-10-09 00:00:00', '2019-10-10 00:00:00', '2019-10-09 01:43:26', '2019-10-09 01:43:26', '1'),
('BON-157218210900331123623', 'USR-8068201811180337385788', 'makan bareng', 'selesai', '2019-10-21 00:00:00', '2019-10-27 00:00:00', '2019-10-27 13:15:09', '2019-10-27 13:15:09', '1');

-- --------------------------------------------------------

--
-- Table structure for table `bon_detail`
--

CREATE TABLE `bon_detail` (
  `bon_detail_id` varchar(50) NOT NULL,
  `bon_id` varchar(50) NOT NULL,
  `napi_id` varchar(50) NOT NULL
) ENGINE=MyISAM DEFAULT CHARSET=latin1;

--
-- Dumping data for table `bon_detail`
--

INSERT INTO `bon_detail` (`bon_detail_id`, `bon_id`, `napi_id`) VALUES
('BDT-10278090-20190207075323', 'BON-90660210-20190207075323', 'NPI-1396820-20190203085021'),
('BDT-2233575-20190219075753', 'BON-201695-20190219075753', 'NPI-1396820-20190203085021'),
('BDT-26005303-20190208085137', 'BON-46913960-20190208085137', 'NPI-53253045-20190207065539'),
('BDT-276508-20190207082605', 'BON-76762947-20190207082605', 'NPI-1396820-20190203085021'),
('BDT-73101635-20190207081527', 'BON-87976348-20190207081527', 'NPI-1396820-20190203085021'),
('BDT-7682613-20190208040042', 'BON-57269642-20190208040042', 'NPI-1396820-20190203085021'),
('BDT-78332947-20190207075451', 'BON-22898626-20190207075451', 'NPI-53253045-20190207065539'),
('BDT-84556640-20190208085443', 'BON-83914049-20190208085443', 'NPI-1396820-20190203085021'),
('BDT-95045570-20190219075753', 'BON-201695-20190219075753', 'NPI-53253045-20190207065539'),
('BDT-156075213084930317728', 'BON-1560752130549119872768', 'NPI-1396820-20190203085021'),
('BDT-1560752130849612321796', 'BON-1560752130549119872768', 'NPI-53253045-20190207065539'),
('BDT-1560950245216281820026', 'BON-1560950245206893538661', 'NPI-1396820-20190203085021'),
('BDT-1560950245216603772307', 'BON-1560950245206893538661', 'NPI-1560930040820571828648'),
('BDT-156095027046632182513', 'BON-1560950270457935585527', 'NPI-1396820-20190203085021'),
('BDT-1560950270466111713884', 'BON-1560950270457935585527', 'NPI-1560930040820571828648'),
('BDT-1560950317409122257588', 'BON-1560950317403250791070', 'NPI-1396820-20190203085021'),
('BDT-1560950317409432471417', 'BON-1560950317403250791070', 'NPI-1560930040820571828648'),
('BDT-157058495308728281718', 'BON-157058495300871836622', 'NPI-1396820-20190203085021'),
('BDT-157058495497691976707', 'BON-157058495300871836622', 'NPI-1560930070859312594270'),
('BDT-157058540327289096088', 'BON-157058540323836028981', 'NPI-53253045-20190207065539'),
('BDT-157058540328686927408', 'BON-157058540323836028981', 'NPI-157021224999933479779'),
('BDT-157058540656237564136', 'BON-15705854065584988769', 'NPI-53253045-20190207065539'),
('BDT-15705854065698899906', 'BON-15705854065584988769', 'NPI-157021224999933479779'),
('BDT-157218210907645506738', 'BON-157218210900331123623', 'NPI-1560930070859312594270'),
('BDT-157218210909866072274', 'BON-157218210900331123623', 'NPI-157214906805589384871');

-- --------------------------------------------------------

--
-- Table structure for table `data_napi`
--

CREATE TABLE `data_napi` (
  `napi_id` varchar(50) NOT NULL,
  `napi_foto` text NOT NULL,
  `napi_no_reg` text NOT NULL,
  `napi_nama` text NOT NULL,
  `napi_kamar` varchar(50) NOT NULL,
  `napi_sex` tinyint(1) NOT NULL DEFAULT '1',
  `napi_published` tinyint(1) NOT NULL DEFAULT '1',
  `napi_booked` tinyint(1) NOT NULL DEFAULT '0',
  `napi_booked_by` varchar(50) NOT NULL DEFAULT '0',
  `napi_created_at` timestamp NOT NULL DEFAULT CURRENT_TIMESTAMP,
  `napi_updated_at` timestamp NOT NULL DEFAULT CURRENT_TIMESTAMP
) ENGINE=MyISAM DEFAULT CHARSET=latin1;

--
-- Dumping data for table `data_napi`
--

INSERT INTO `data_napi` (`napi_id`, `napi_foto`, `napi_no_reg`, `napi_nama`, `napi_kamar`, `napi_sex`, `napi_published`, `napi_booked`, `napi_booked_by`, `napi_created_at`, `napi_updated_at`) VALUES
('NPI-1396820-20190203085021', 'http://localhost/ebon/uploads/napi/foto-NPI-1396820-20190203085021.jpg', '12', 'napi 2', 'KMR-164365261-20190123023044', 1, 1, 1, 'USR-8068201811180337385788', '2019-06-19 11:58:16', '2019-06-19 11:58:16'),
('NPI-53253045-20190207065539', 'http://localhost/ebon/uploads/napi/foto-NPI-53253045-20190207065539.png', '11', 'napi 3', 'KMR-164365261-20190123023044', 1, 1, 1, 'USR-8068201811180337385788', '2019-06-19 11:58:16', '2019-06-19 11:58:16'),
('NPI-1560930040820571828648', 'lorem', '12312', 'asdasdasdas', 'KMR-164365261-20190123023044', 1, 0, 0, '', '2019-06-19 11:58:16', '2019-06-19 11:58:16'),
('NPI-1560930070859312594270', 'lorem', '23423423', 'asdasdasda', 'KMR-164365261-20190123023044', 1, 1, 0, '', '2019-06-19 11:58:16', '2019-06-19 11:58:16'),
('NPI-157214906805589384871', 'lorem', '12', 'napi 2', 'KMR-164365261-20190123023044', 0, 1, 0, '', '2019-10-27 04:04:28', '2019-10-27 04:04:28'),
('NPI-157214919968945718127', 'lorem', '12', 'napi lagi', 'KMR-164365261-20190123023044', 0, 1, 0, '0', '2019-10-27 04:06:39', '2019-10-27 04:06:39'),
('NPI-157008770756226295785', 'lorem', 'LPS/03-10-2019 14:28:16/VII/91494', 'ASAs', 'KMR-461675155-20190123021437', 1, 0, 0, '', '2019-10-03 07:28:28', '2019-10-03 07:28:28'),
('NPI-157008782987643434351', 'lorem', 'LPS/03-10-2019 14:30:12/VII/96288', 'oke', 'kmr-090', 1, 0, 0, '', '2019-10-03 07:30:30', '2019-10-03 07:30:30'),
('NPI-157008787076566209796', 'lorem', 'LPS/03-10-2019 14:31:01/VII/992868', 'tambah lagi', 'kmr-090', 1, 0, 0, '', '2019-10-03 07:31:11', '2019-10-03 07:31:11'),
('NPI-157021024249363883944', 'lorem', 'LPS/05-10-2019 00:30:20/VII/212490', '', 'kmr-090', 1, 0, 0, '', '2019-10-04 17:30:42', '2019-10-04 17:30:42'),
('NPI-157021224999933479779', 'lorem', 'LPS/05-10-2019 00:58:50/VII/694824', 'ganti nama yaa', 'KMR-461675155-20190123021437', 1, 1, 0, '', '2019-10-04 18:04:10', '2019-10-04 18:04:10'),
('NPI-157021285041659922112', 'lorem', 'LPS/05-10-2019 01:13:57/VII/248472', 'tukang sol sepatu', 'KMR-95031715-20190123074509', 1, 1, 0, '', '2019-10-04 18:14:10', '2019-10-04 18:14:10'),
('NPI-157021388598247340579', 'lorem', 'LPS/05-10-2019 01:31:11/VII/730687', 'oke', 'KMR-164365261-20190123023044', 1, 1, 0, '', '2019-10-04 18:31:26', '2019-10-04 18:31:26'),
('NPI-157021428638776280567', 'lorem', 'LPS/05-10-2019 01:37:54/VII/937616', 'aku adalah anka gembala', 'KMR-95031715-20190123074509', 1, 1, 0, '', '2019-10-04 18:38:06', '2019-10-04 18:38:06'),
('NPI-157024047323088152747', 'lorem', 'LPS/05-10-2019 08:54:20/VII/896291', 'tambah baru oi', 'KMR-34296765-20190123023053', 1, 1, 0, '', '2019-10-05 01:54:33', '2019-10-05 01:54:33'),
('NPI-157033464110080193215', 'lorem', 'LPS/06-10-2019 11:03:48/VII/283311', 'tambah lagi', 'KMR-34296765-20190123023053', 0, 1, 0, '', '2019-10-06 04:04:01', '2019-10-06 04:04:01');

-- --------------------------------------------------------

--
-- Table structure for table `data_pegawai`
--

CREATE TABLE `data_pegawai` (
  `user_id` varchar(50) NOT NULL,
  `nip_pegawai` int(50) NOT NULL,
  `nama_pegawai` text NOT NULL,
  `subag_pegawai` text NOT NULL,
  `jenis_kelamin_pegawai` tinyint(1) NOT NULL DEFAULT '1',
  `ttd_pegawai` longblob NOT NULL,
  `pegawai_published` tinyint(1) NOT NULL DEFAULT '1',
  `pegawai_created_at` timestamp NOT NULL DEFAULT CURRENT_TIMESTAMP,
  `pagawai_updated_at` timestamp NOT NULL DEFAULT CURRENT_TIMESTAMP
) ENGINE=MyISAM DEFAULT CHARSET=latin1;

--
-- Dumping data for table `data_pegawai`
--

INSERT INTO `data_pegawai` (`user_id`, `nip_pegawai`, `nama_pegawai`, `subag_pegawai`, `jenis_kelamin_pegawai`, `ttd_pegawai`, `pegawai_published`, `pegawai_created_at`, `pagawai_updated_at`) VALUES
('USR-575068889-20190203091221', 123, 'peagwai oke', '3', 0, 0x687474703a2f2f6c6f63616c686f73742f65626f6e2f75706c6f6164732f706567617761692f7474642d5553522d3537353036383838392d32303139303230333039313232312e6a7067, 1, '2019-06-19 11:58:16', '2019-06-19 11:58:16'),
('USR-8068201811180337385788', 12345, 'super admin', '1', 1, 0x687474703a2f2f6c6f63616c686f73742f65626f6e2f75706c6f6164732f706567617761692f7474642d5553522d3938313732323635372d32303139303230333130303534312e6a7067, 0, '2019-06-19 11:58:16', '2019-06-19 11:58:16'),
('USR-981722657-20190203100541', 1234, 'pegawai oke lagi', '7', 0, 0x687474703a2f2f6c6f63616c686f73742f65626f6e2f75706c6f6164732f706567617761692f7474642d5553522d3938313732323635372d32303139303230333130303534312e6a7067, 1, '2019-06-19 11:58:16', '2019-06-19 11:58:16'),
('USR-1560770359030417829435', 345342534, 'dfasdasd', '2', 0, 0x6c6f72656d, 1, '2019-06-19 11:58:16', '2019-06-19 11:58:16'),
('USR-1560922769527355682832', 123123, 'asdasdasd', '9', 0, 0x6c6f72656d, 1, '2019-06-19 11:58:16', '2019-06-19 11:58:16'),
('USR-157038564728327508744', 1234, 'makan bang 123', '8', 0, 0x6c6f72656d, 0, '2019-10-06 18:14:07', '2019-10-06 18:14:07');
INSERT INTO `data_pegawai` (`user_id`, `nip_pegawai`, `nama_pegawai`, `subag_pegawai`, `jenis_kelamin_pegawai`, `ttd_pegawai`, `pegawai_published`, `pegawai_created_at`, `pagawai_updated_at`) VALUES
('USR-157254733458617576837', 324234234, 'asdasd', '1', 1, 0xffd8ffe000104a46494600010100000100010000ffdb0043000302020302020303030304030304050805050404050a070706080c0a0c0c0b0a0b0b0d0e12100d0e110e0b0b1016101113141515150c0f171816141812141514ffdb00430103040405040509050509140d0b0d1414141414141414141414141414141414141414141414141414141414141414141414141414141414141414141414141414ffc00011080186030c03012200021101031101ffc4001d000000060301000000000000000000000003040506070800010209ffc400681000010303020304050509070d0d0701090102030400051106210712311341516108142271813291a1b1d115162342526272c1d224338292a2c2e1091718253443537374838494b226353644456364758593c3d3f0465595a3b3e2f15465e3192728d4375686ffc4001c0100020301010101000000000000000000020300010405060708ffc4004311000201020404030505050704010500000001020311041221310513415106149122326171d1425281a1b115235392d20716334354e1f0242562c1347282a2e2f1ffda000c03010002110311003f006eb5e94b1222b96e7a2f52413de7d5c3807d5f551d8de965a05d5f2bef5ce0a8edfba202b6f989aaeb124eab64016ee2a5b5e47725cb82924fc169a55170e2aa90312ec97b6fb873457f9be1b569e5c0466659089e91dc3b9836d5315927ba436e37f5a714e081c51d2174c7aaea7b4be4f40998807e624554597335c20734fe19da6e08237522da37f8a14691a55f2dcded77e1025af1544724b27e907155cb896a45ee8d7a833b68f36348cff81790bfa89a1bda42b3850f022bcf87b50f0e79b0f698d416757fd1ee2938fe3a41a1e16aad251540dbf58eb0b22bbb00280f7f22c66ab96c2cc7a089ba4c60fe0e5bede3f25c2051b6f56de23fc8b8be7c96a0afaea8942e25cd6706071aee2d81d137184e7d7834b7078bdaf118117899a56e68e8132d08428fbf2807e9a9cb974656745e0678877a681e67db740ea1c687eac5196f8a13d18e78919c1e239927ebaa6d0f8d1c53680223e91bda3a831a62524fcce6df352bb5c7dd7d113cd3f86aa7903aaa0cb2bf9b6554b545adca728be85bc6f8aa091dadb33e687bed1475be25da5dc769125344f520255f51154ed3e9548860fdd5d07a8611fcc4a5cfac268f46f4b7d0ab2912d376b6acf54c8859c7f1546af3d45d4af64b829d6ba7e481fba9d67c9c6543eacd088bdd9df386ee91bdca5f29fa6aac41f48ce1ddc3013a9986147ba532e367e94e3e9a7144e26692b904fab6a6b43a55d009ade7e62689559a2591635298f2402d4a65dcfe43893faeb95db893b249f7541d1ae50e6a008d2a34951e9d8bc859fa0d1c6a4ca8c72dbcfb47f356a145cf7d4a4912ebd00824149140187ca33827dd51b35aa6eacec9b8c818fca5e7eba34deb9bc378cc843bfe31b49a3e79328fa5c5c8208e649ea291a6e8cb3cecfac5a203fcc77e78c8dfe38a481c419c9387198ee79608fd743a7889fe16de33f98e7da2af9b12acc4e9fc15d192c1e7d3b110a3fe0799a3f3a48a6fcbf471d1cfa8f247991bc3b294afa959a7c0e20415ecb892107cb0aa1d1ac2d0e9c175c47e9347f566894a0ca2249de8b766709f55bb4f8fe4e250e0fa81a4499e8b12539f56bf30e0ee0f46527ea26a7e46a1b4b9f266b43f4c91f58a3b1e4c5938eca4b0e7e8b80d323959455997e8d3a9d8cf62f5ba5f804bca6ffda4d22c9e04eb2840936553c3f29879b58ff6b3572d313b4e89e7f31d28645acab7037fa68ac8851799c38d496f4932ac3706503bd519447d19a4976c08e6e5931024fe4bcdf29fa6bd076acae7500a4f8a76a11fd2beb4821d8a87c1ee71b0acfcf44853563ced3a4edefa8661b471de94e31f351b6b41dbdc49e4696df9a5557be570a2c9373eb1a7a1384f7faba527e8c524bdc09d32e138b4aa3127ab2ead207c338a24d0bd7b9496470dd908f61e7539ee23229b775e1cbfcfec494e3c149357b66fa3d58d68576322731e1ed2563e90299f7af4667241260dd56a49ee7a213f4a4d4bd81ccfef14a5cd093a238974865c421414794e0e2929fd273d6a53a21294859e605041d8d5c3b8fa2ceaf2c3a21b71e69293ca91ce85138dbe5271f4d2235e8bdc466a2c740d3c0ab9139065b49c1c77e4d4cc81e625bbb9127a35f0e9abdf14a0bb76b7babb7db5b54f71a5a7d97169c06c787ca503fc1357925ca6d720965c756d7305fe1b00f3631cdeced9a8d3865c13e20e865cf90e6968f21d9210800de194728193f927ae7e8a936170ff0088f39aed1ad1f0b0aff09a8181f472573eab6e46ba752125a3d4a53e947c1b8fa6efa6ff0067086edf3c25d9115230233ca2a0a23f3491f02a3e35003f6a534424290a511d01af4af883c0ce27dea295bfa2eccfb212a42d0e5fda505a480394808f2a82257a14ead9049fbdf84cf37e2a6e293cbe59eff7d69a552eacc1ab3826948a82f405233ccd0c795026120a7742927c8d5b097e83bac867b280ca3f42e2850f988a4893e845af53f223323f4a5367f5d69524fa88cf496d22b03b1011b150a2aec12a4919cfbc559695e859c4b693944280efe6996906925df43ee28b648fb83157ee9cd8a6292b6e1668fdf2bd2595bad14730e74edbd1a690e36472361406d9a9c97e883c4ddd474db59f11399fb6831e893c4f46c34f200f0f5d67f6aaf3c7b8d9548a8e8d36426fbae2524299233df8a014f007e491ef1535bde8a7c4fefd3817fa33193fcea04fa2e713103dad2eb51f01259fdbaacf1ee64cf1e842cf3e15f253bd004f31f92524f8d4d2f7a2ef1294951fbd27001bef258fdba27fd8bdc465b852ad34fb69e5241ed5a56ff05d5e64146a6ba1102104b83c46d47994e460f754931fd1af893ce90ad232c7e7171903e9728c3fe8e7c4586e941d2731471d5b71958f9c3953347b94e56d427a35950b245c9fc427f9469e7093b0c8a3ba7b82fad605a6236fe9b98da928c1196c91b9f0553becfc1ad6931a2b634d4f7d29383d9a12a23e00e6b34f534d39665a0dc612001b6f4a30db24269d43833adda6c95693bb0dbafaa2ab86f40ea08a025cb3cb6d5cc472a9bdfae304771a5e543af977d04f651b0a3496f38a53fbd2bbb0da14e5b64a52ae87b33bd089b1ce402170a424a4e0f334a183f350e5294efb045b609a3096320668ca2d52fba33de67b33427a94800011dd27a7c8353213385bb202b0b5b51bbb5ba65963b6f4a8131a6dc194abd596a07e6144603ee4f4b844592c842b97f0ed14157981559099e3dce16d60628bba0842b3e14aa8812a42ca5a8cf385232791b2ac01dfb0a0176d94fa94d3719f71c391d9a1a5157cd8a171b04a484e282109f750651b927a51f7223adfb2595a48d8829391f4570b8cbe81b5fc526872bec5e75dc4d5a467a1a0ca33b1a3ab8ce671c8afe29ae0c6715fded63f8268249f62d4d756125b7b601341f67e46949b80f3ab08432e2d47b92924fcd5b5db9e6c942d95a560ee0a08229795879909a5af668171ac1a55542746dd92cf90493451715ccfef6bfe29aacaca734ba844b59ad16b6a3beace7f835ff10d69719d03f7a5e3f44d4cafb133aee27f2e3a5704007bf3478c5707f7a5ff0010d70b84e641ecd7fc4352ccb4d3d82a5240cd17908c827ca951511ce51ec287f04d17762b85b57b0ae9f926a656c97435b50a17ea7039480a2ea40cf4eb4ddd58d3cbb74650582e07483ca3029ed75b2bf7284c042168432e052958c1d8537aeb15e7986db2cac80a2af906a28598329590c36a1baa94e96d5821a293cc339c9a53b15955925432bcf50297ed7647dc79c223a885003e4914edb369c750818655d7bd15ae1146295e436136a0d364f29048efa49991b90138a90ee16c5b683cc856de09a68dce22f07d823cc8a995113925a8d35b03daa28b636eff009a971c8ab0091ca37c74a292219e6d8e4f7ef55911333139d6d3eaaea729e6523001a61b964087d65d90d2013d06e6a5293050203c94040528014ce362e5cf3bada77ee249ad1082685d496c379ab7436df4616eb8ac80300247cf5c494445c87922120a920a8b8b59276a7147b5c74ca6c95adcdfa25181f4d1676231cd25498c54794e798939dfc055ca98119e8355d98e207b0d34d7e8b7bfd35217033b691a926b8e2ce111b033d3750a6c3915e56ed444a3f81bfd3523f04e1c86645d5d780030da00007893faab9d898e585ec743092bd5449dc894e36cfc2866db41dca6b08ca7a5692950e8715c068f51176408108cfc8ad2d410461b1ef359c9b6ea35c292939de818e4ee6fb427bc0a10ab619567dd402119df248a140cf4140cb0edac154e64609f6b34e72a6fbf029bb646d46721406484938a5a993d888e843a1285119c1ef19acd3dc549b28f2649c6e335d22506ce52809578a7635cfa9b8558c0f9eb9119def4e3e35ee8f2761458d453a2287613e5b04742d3cb49fa0d2cc6e2aeaa838ec7525cd0074064a943f944d350b0e75e53412da513ba08aab22587f278e5ab8612bbba64f8facc669ccfce9ad2b8cb39e389b65d3b3b3d4bf6c4027e29c1a8e969f6b183f3504ac67a7cf532a2c9215c48b24a4feebd076370f8c771d67ea51ae0eaad0cf8fc368f991c9ea625d5581ee0a06a37273915ce4a7a54b10923d63875208588fa8adebebeca98780ff64d1961bd24da8183ad6f16f5f776d05431f142aa2fed15e3581d50efa96b83989aa0dca7c623ee6f171b07b9321721bc7bf982852cb1a835e2c7231acb4f5e81db91e931d455ef0e241aafdeb4bc771c795741f5383da00e7caad43e25664fa1610af5bbe332b46e9abc8fca6633049f3cb6b144df62424955c3840c9fca722890dfd5cc2a0f8f314c121bcb67fe6cf2fd54b36fd617384a1d8dc67338e9c921631f4d1aa4d8b94ec4aa897a3a2a4197a0750dad4762b8570527e3edb74a10b56e8e88ae489a8b5dd8943b92fb6e72fc02d39f9aa3fb7f18755c0c25ad4d744a7a72ae429607c15914ae8e38ea478e1fb8c6943bc4b82cb99f7e514cf2f7e825d7b1265bf882968255078c5798e3fc1dd2d2b583ef23985396dbc48d519022f13b48dc80c7b13a396147e2503eba85d1c58549503334ee979a7c4db12d13f16ca68e35ae74ec93fba7425af7ea61cc90cff39545e53e00ac4fc4b030b88bc415ad21b8da3af48f087764a4abdc39cd2d33c43d6ade0cce1bcb707e55ba6b6ea7e037aae0ddcf87b388ed74dde60f9c3b925cfa1c452d5b9bd078062de7545a95dd965b581ef28526932c2ea1ac427d49e55c611141fba3a4352dbc0ebcf0f987cf914237c78d1e47ee993320abc2442713f4e2a2eb74aec929fb97c51b9b18e89931e481f4288a5e852f574d7531e06bdb4dd9e3b761219e7715f05324d29e1e3d462ab72438dc59d193b1d96a28593f8ae29483f48a538fa96c73b1eaf78b7bf9e9d9c941fd74dab670438bfa85d6fb5d27a6e6c770fefd3e232c8fa42547e6a9474c7a12b171085eac6b4dc151f948b1c478b89f2e65b894ff002692e9a5b329d78477623312978cc790af22d399fa8d29c4d4b7c8ce0447b94d4abb91da151f98d49da77d0eb85ba724079bb54ab8a9276f5d98e721fe0214054b765d3765d3ac259b65ae241693b04b0ca53f4e33532bee67963a11d95c84b4e5cb8972ca0c36244841dc2e644404e3dea036a96f49c7d76ff2fdd43a6e3a07caed5a714a3eee45014e8edf6233b79d74248e6abcafb991e3e77d12141d8bccc3681ea8e3a0fb458615cbf0c9fb6b866c0db8f243cd2d415be0271f462b86ae8f251c8975494f803423370710e05768ac8efce6ad292d809e273b4c596744c7090510d23ae0ab149d73b2aedca1969281ddca451f3a9de0d81ceacf9522dcae2b96be65924f89a259dbd4aab52938fb37b9cfa9bcb4f3a195a93e294e68a2d252adc637ae0cc71b494a56b09eb80a228584fb4969d2e33db294309249db7a658c72b3b58017ecaab9e63dd9f9a8d2a437dec27e9fb6b832d900662a0fc48fd752c805a75020a60a4f69db13e28c527c90d647661581f978a535ca8c41fdc68f82d5f6d1375c615fde3f946aac906e4de8c4e748a28e0cf41b52938a607f793fc6a2ebec08cf6647f0aad2485892f0c77513706066965c4323f115f3d1571b65671b27f496055869888f271ddf45137939eea71bd05b28243cc93e01e19a4c7996c120e7e07350688ee37d720628aba803a0a5579a403d4d1471a49ef3f355057131c03c0515504e771bd29b91d3d72af9a8b2e320ab7591ee14615d8232ed90363b7b7c952fbd4dcb0907e05b3414a72cca6961983290b20f295ca4a803eee41f5d6950e363f7e58ff37fd3459e8ad67d8754a3fa18fd753419cc61452920e4777856da9cec624b6eadacfe4288cfcd5b54500fef9bf8570b8a08f940fc28d019a4b6608abdcd52397d6dfe5c7f8557db445c754b5151565477c93b9a10b181d76f7504e3412077d15914ea49e8d81174820851047783b8a1917eb933f2274840eee57943eaa0548c7e28ae148db618a964453947667532ed3671c4990ec84f51da2cabeba22ac93d07cd4679491d0572504f70a85679770994a41d9b403e2122b92d85756d07e146d48393b0ae794f90abb22679770a83d92bd94049fcddab39b0be62003e23ad0ea4127b8d71823b855d9133301296d5b96d0af7a6b3b368ff00796cfbd228c7213e159c87caa9a2b34bb80a5a648fee76bf882ba0c31b931993e61342a5a38a13b320600aab04a72ee6edcb6624b6def556d6949c946549cfc5241f988a767df3d896ae67f49c07547aa8baf67e959a6a06943071427664d04a1196ac746b4e3b317e7deec521b296b4ac0654460292ebdb79fcba6db91232d64fab2123c00cd0fd99ae92926a28245caace7ef33214480870191083cdf7a524209f8e0fd54aada74c8eb637c7ba68ff00cba22968915ca9a29e86af2a2e356510798c59dd46235b151d5f94e3a1cfa3905154c088720b293f0ad942bc6ba4edb555916ea4a4eec55b4b36a8a821e6dc4927fbd32d287f2852bad76275013cb27971ff00e9230fa8535c13e35d85118df6a17144559ad052936fb495011d952877f6ada07cd8adb16b859fee76b1e691445b5efb1a32dbbe7b50e42b3b6f4648da2387d3ee8c38f40620b4d2bd851783449f2014091ef18a7b35c27bbb6d805c8a001d029207d550f5baeaec44a7b37569df3eca88a59fbe99aa6f94cb78fbd6695925ba35aad04acee3cee5c2992da96e3acdbdcf35ba81f5d335eb2db90b52150e2129241c36923e7a4f93797a4679dd7159fce344c4c23c6ad41f56679cd3778dd0bb0ec36175e48976f8dd977f66c36a3f4d0f2b49e925b84356886eb7ff003f0dacfd469be99671b2a866a72863ae6af2819e56b5c5199c2fd0172050f694b3c8247b4156f680f9c0cd37ae7e8b5c27bb30af58d0d098493fbf450e3053f149c539e36aab9c7043735e6828e484ab193e3b57727504f9cd94bf3643c8ebcab75447cd9a8e2d3d099acaf99dc853527f53fb435d19717a7af171b04a23284be132d9f71e60163e0a3557b8dde8a5aeb83314cd9edb373b138795abb5bb25a4efb07138cb67dfb79d7a396dbaa951d8eb909c673d7ce96dc5c6bac57a2cb8ad4888fb65a7a33c9e76dd411829524ec41f0a152945971acfed1e27cbb2be85e5c7bd9c9db7a90784b68f55b6dc161ce7e679209073d13fd35357a4a7a2746e1cea7171b5a9ff00bd4b8ac98c39b98c57372a614ac74192527bd3b7514c1d2ba7d9d3f6e5b0c2cf229c2b5151c9ce00a46266a5048ee6055e79ba074b206c4aab9284a3cfdf43b8819c739a0d4da3a15570a4ac7a54ce39923a9c0ae82db1be722b5cad74dcd768e40364834b92b0d86a625c493b24fcd5b1924e106b7dae0ec31f1aed2e295dfd294d8d15f4e215eb4b516ce128a6df1063cb7af4cfab9e54a63a52413df951fd629d9a6d6525e5957704d367574a52ef4b1cc7d94247d1486af2152dcab89679b030727a6dd7dde34aee685d40985eb86c176f55e52aedfd41eecf97c79b9718f3a723fc60bb400a6b4c4483a323636168647ac9c7e54a7399d51f1c2923caac8f09b5a5cf57fa296b46ee375993e65be5825d93216e2c36b28500544e719e7db3df5ee609ca5667916f4d0a66a6fb3242c14907042863141b89182490803a951c51db9b8a957394b2ae6529e56eadf033fd1574fd1ead50af164e15313e0429a85c3baa5424c56dde608500907992738c9c668a31cd2cbb0accec99459c60e39b1ece719eb9f751771a4e3a038af507885e893c3bd7a879c363163b8b83fbb6cc430acf71537f215f103df54df8c5e89fa93866f489305e6753da194f3b8ec118931db1d54ec704a929fce1cc9f1c55d4a52a766c353b95f8b4856e1008ae4c76d4ac72efe029618b7c77076851daa3a900e33eea73d8f4be9ebdb1d9a9d911252f3c8e17329cf810450c61296c1e64478a8ad9382920f8573ea684f4c8f8d2c5f6c52b4fdc171a5239549dd2a03658ee229389cd03ba7665a6980fa983f8e6b6211ee575a19046fdc0752474a9a22fa306a19b6f8b3235ded0e34fb49751ceeadbd94904754f9d3e11727eca10dd9909888b1f8c284443739bc7de6a59bc7a3c6a9b2c17e53b22c8f36ca79d419b924ab1e495019f751691c09d5d0d6acc580f01900b17788bce36e81ccfd14d49adf4152d7612b47706f55eb7b4b972b35a8cd8adba585ac3eda485800e30a503d1428ec9e056bc879ed34a5c71e28405fd46ad4fa24e91b9da3455e61dca218ee7dd1ed1292e2540a4b491905248ea9352b3ad76f7944365b5adc2bec8308428b855d79b939723c3a91df5e968e1a83a31a92934d9e7255b172ab521151b455d5eeaff00ee79d927871a9a21fc3e9cba358ebcd0dcfb28bfdc2991084bd11f608ee5b4a4e3e715eab59383777b8a3b498ea2d8d75087095387f823a7c69f767e13d82d612a798fba2f8df9a5ee33fa3d2b2e25e130fecaa99a5dacbf511431589ad672a565f367945a0383fac38872035a734f5c6ebbe0b8cb043493f9ce1c247c4d59ee1cff0053ef564e2dbfaa6fd02c2d1c7ee68e7d6de1e44e5281f39abd6d47432d25a429b69a4746db01291f0142044720656a51f2af3f2af396da1d4738ad9119689f425e16e9061b76ed35ebfc900644978ad2a3fa0df2a7e726a62b15b3466898c23e9fd3b1a2a13b0e4690ca7e64019f89a20d88c4630a38a348f5707f7a27e3591a72d64c6cb1525ee2481675e1cb839ba1a691be12da7028bfac2943a0a36151c60f614690eb007f73a451256314a4e4eec4d43aa231d6864ad4a38c62955b90d0fef28f9a8ec7ba9400030d903c53576602b37a88284a947a1342a5a59230827e14e1176712721b6bf8a7eda13ee9bc771ca3dc2ad5c2718db7b884c4190eac04b4b39f04934a48b1cd38fdc8f7bf929419bbbe95024a4e3b88a3e350be70395ac7e8d0c9cfa1a6946938fef24d081f73252739617b1c1c8a01db5ca5938697bf953824de1e753b14a7f4451333df1bf684fbe89376d4454504fd86ec229b1cb247e057f3576f5b9d88901c49415004034ac6e72723f09f30a237494b7d4d959c9c75ab5a8a76484d713ca28050f67ca857179cef511717f8b8d692cc08b25119df643d209dc295b2509fce34c4afb02c92e5dc22c14e64c86a383d3b4584e7e7a4a7356594601ba45ffbcaa8dab35c5dcb2994d72b8544952a4a94a59eb820e7ae71516dc35b6ba69fe562636e32413cc586f23e8a8d5b734c68ded667a0cad556551f66e717fef2b856a3b4ac645ca31ff382bcd6778c9ab22bee34e4e6c2d0a2923b047507dd5b4f1c7552463d799ff5747d9416ea37907a44bbddb17d27c73ee70500bb8c256e996c1cf8382bce47b8f9aba3a3993358c8ff00a326b963d2375711932a213e7187db545ac3dcf45dc97194321f6cfb962805baca86ceb7fc715e7e37e911ab3fc3c3ff0056fe9a30d7a466ad49fdf61abfd1cfed540f912ee5f25a9b3b85a4ff0008517572e76293f11547d1e923aac6d983ff0072afdaa1dbf498d548eadc157bd0b1fcea970d5091745c009eec7bc51671031be2a9ea3d27b52a7fe2d055f058fe756def4aad44d0c9830147dee7db55999391245ba5a001d6b84427a4921969c74f83692a3f30aa8edfa596a0563fb576f50f35b83f5d1b6bd2c6f89c73da6172f821e707eba99995c991691f8ce47561e6d6cff8c494fd75c72e01ea3de2a10d27e980c9e566e9164dbd07f1da73b66879941036f81a9e7496b8d2fae22b6eb8c25a4a923f74da941381dca2d1f655f0e5a353f814e8dbad84f5a4e0e451498b6db314049e75b8a4ab7db9709e5f8e79a9c77bb6c482e3661dc1bb830e0c85a5b536a4792d27a1f76479d21cd881d7a272852941654463a242739a6266769a7661750201cf5ae304f7668eb8da6832d8a2b8214537df8a0d58a34a48c9ae3b215081628cefcb5c96f3dd46548dc8ae0a315640b9401b115a281ddbd0aa6f27ad60689351900c206374d672e3bbe8a17b322b0b40f79a84034a72ae942a5ae53935a0d0073934214e3bea886b9474ced59ca077d74066ba42075a970ce52906856d94a883d4508c31daab00807c09c549361e0d4dbab2975bb8dad4923384ca0a3f40da82538c771d4e9caa6c88e8b6120606d40ac7b552d5c382b3e1305667daf03f2e5047d62a35b8c14c77d682b6d452a2925b58503838dbc450a9c67b053a5386e84b2939ad149c83dd460b69cf5359c883b6554622c0401047857790ada84e46fbca87c2ba4b4d7e5ab7f2a812472d80050cd8deb6869acfcb57cd43b6c339fdf57fc5a16c966188e7005192bc0eea7458ed1a3df86954dbc4a61f1b101bd8fbb0934a6bb068629f67504907bb2d9fd8a57311b23424d5ee88f96b20d6056452b5de15a1892530ee2e3ed8fc652319fa05124b30f03f74abf89469df54679269b4d800eb43b677f2a150c42ef9647f069418836b73004e5a55f9c918ab042093cc71bd184214a0714bb6ab6e9f4a9d6e75c1654a186dc6be4a0f8abbcfb85253ef308529b633c80e398f53e7405b5a261b8ab084a520ec052c4395cb8df6cd37197b047cd4aee25119e4a1b7d121250957323bb23241f31d0d5342da62aea5d356ee206969f60baa02a24c6ca4ab19536bea85a7f3927047c7c6bcfcd5da3ee1a13515c2c5706bf754374a0ac74713d52b1e453839f3af406049f692798fc0e2a2bf4a3e1ba352e9546a884d66e36a4f2c94369fdf22e7a8f34139f715564ab0bad0eae0310e9cf23d994d0b0a5ee00f9a8231964f426941fd944056de544dcd8ee735c79ab1eba0ce44351ef0284f55091f2b7ad25415e38aeb9b1d37acf234c5981b03c4d0c86d2ac6526820547702866f9ce37c0a4b6363b0e1b0c44faab8ad86578fa2987a91ce7be4bc6e12be51f0a90aca85260248df2a24e7df5105df55db177496a54c6828baac8cf4de8292cd377133766412ec6530e14ad04776315613d1b6e3dbf0d78c365493972ca89c8479b6a20e3e74d5b5d75e8edc32e2d259bab70d885316399176b3a925a7fc3b440f65df7e42bceab4f10f86fabfd1aef576bd316e8f76d3b74b73f6a54e881423a52ea762e0c65a524804056c71d6bde4a938fb5d0f2575d0ae770d277980552645b9f6592a279d68c0dce6ae57a2f23b46f84adef94db2f4e60ff8f6d3faea07d4dc40fbefd3fea4846242f014ca1a515730ea01e953b7a2d95fdd7e1d34924fabe9dbaad5cc307da9c81d3bbe4d4515cc8d994ee9590e3f4b6f48db8f09d51b4ee9f406aed2e376eece3852996c92948403b731292727a0c77d50997ae6fcede7ee9a2e72d99c1c0e894dbca0ef3fe573e739f3cfd153efa64352352f1b6f2a61a79f10198b082196cb854a280ac0c03b92be9e26a3ab6fa3c6ad911d12af0cc2d1d6f23265ea49498631e21b57e10fbb977aaab3729340a4d2114498dc4659521b6206af39c76280db1763de0a4612d493dd8c21c3b7b2bc73365b90a8af85360b641c2d052410a1d763b8f71dc66a6081a5782da1c07af9ad2e3ace6a373074f422d47cf5c179c00f5ef0453578bda834d710af4f6a8d316e9365538a08b85be410a056764c8411b6178c2c772b07f1a974d383dc8dd904a5219d6b62f567d789b1d24c777f2bf34d467d92db7148713cab41e55271d08a74d9a52e33e85a4918c10456f5a450fbcd5c1ae51db8c380772a9d57db575ba2e32d06ba072ac9c6de1e3572783b76378e15d89d51cb8c34b8ab3e6da881f460fc6a9d252060e76ab37e8d73cb9c3fb9c5717fdcd702523c96da4fd693f4d37093c93115761f57c8edca8afb4a1fbea1483f118a8aec5a2ef5aa6f4dd96d76a7ee3722793d5986b996303073dc91e648183d6ac9682e105d38952cbc14ab7d8da572bf70713d4fe4360fca57d03bfc2ac969fb0d9742db7d46c90d11d25294bb20e0beff0028c02e2f1957c76f2ad188aea0ecb56675532ee467e8e9c049fc33d3939bd4d2232244e792e9850d5ce5ac279794ac6d9fd1c8f3a9badc60599be48315b632305691ed1f793b9a65ddb89966b1bea4cbbb466a40dfb10b0a737fcc1bfd14989e21b93706db62be5c92af92e336e712857b94b094fd35ce9622a4e3964f432ca0ea3cd24496e5ddd52b65631d315c7ad38e903994493d077d477f76b58ca1f81d22eb3fe5b3e3b3fcf346e045d733399c5c6b3db827af6931c78ff21a23e9a4ec4746eeec7e077955856c4771a34d4848ef14c35d9b5a3aee5bbad85093d545a7d67e6da8cb3a5f5a398e6d4f666ff42d8e9fadca8072edd47f36ea4efcc051b68e31934c66747eacc0e6d650923f32d3f6b9479ad1ba9cfcad70123f32d0dfeb7286ff0002b96bac90f46c827ae68cb6e248c730a67b1a22fa4fb7aee4a7f46d0c63e959a368d0d79237d793f1e56c8e3f9d5337c0074e1f7c762563f2851969d4f8834d26f425dc11feef2e3ffc398fdaa191a0aee371af2e3f1b7b1fb545707971fbe3b82c1193b0a190e6481b534d8d09784a813ae67a93de3ee7b036f9e97dbd2095271f7cd74cff0089671f554cdf02469a7f6907c39b8eea19b701077cd37a668dbc95e216b592d37e0f5b595fd208a09bd21a9dbc11acda5f76176b47ea5d5dee54a9a5b490e72b0a06b9c13e74ddfb8dac20fb69bc5a2e891bf60ec65c72afe182ac1f8528586f9f757d6187e32e0dc62a8224c4714145b277490a1b292a1b850ebbf4208ab05d3696e297213dd51e7107898de94bc2207a9990aec52e7376bcbd7352466894982c485a96ec765d563195b61591f1156b7149a4eec8617c6f6d695245af9558d897c11e1e154738b3abe75ff8bfa644a74a9991304808cec5456467e01200f8d7a557ab2db0dbe7babb64125a61c583eac8cec927ae2bcbae23a035c51d08a1b1210aff00e61fb6b54350db525a12cea68ce3e98ed07d4db7d9ad4a094821440d81cf99ce7ca92a13b62911815ca79b5960ab2e3054a0a4e091b75db3d36a57d47294d396c6c349587cb8da947aa07228e479e40f9ea1fe1dde5dd55a49a76605a9c69d758ed09c2960252a193df8e6c7bb159ea6ace952768a7f11837cb9c5b8dea74c801620bef296c76830ae427d9c8ee38a29eb029220b8043600d872271f350fdaf9d02d0d5bbb87243dcedabbf6a4861e5038cfcf460ba4820d27fc92706a17615db999efa34d4bc74a4365d3df4610f1cedd285b1890b3eb95d2656452425d514d761cc8de86e1a42a993819e9446648e64120d73cc4ed9a01ddd2455dcbb1b8d2304668e091923be9289e4d875a19b708a8d92c8576e4f2a81e952bf00f5d3fa7b5ac088a714ab7cb73b271bee1cd919a861b5939df34efe1caf3ab6dde2179a38ec67aa934d1e8167d9c0dbca825652e378253b91b6db63a52cd96d8d5c6e5163ad2a09714028a4907ea3f5527bc86d2eaca7e4824a544e4e37fd5bd32e735a692092d208a0f9700f7d459c4ff00491b070f67bb6e0c3f749ed9095a2390942144742a3dfe401a8c9cf4cf90a52bb3d23940ef54c39ff62ab30c5426f5459c23cab9c0efdaab235e996faf19d2a94fbe69fd8a33fd98e909055a63e6983f62a672fcbcfb1641491ddb9ae0a7c455756fd32229385e9a707ba6a7f62861e9896eefd3927e12d1fb3579caf2f53b161393cab6d3439d25454139df1501b3e97b675805561989f74941fe6d1947a5ad85c383689e3fce20d5395c8b0f3ea8b14da2c42de0382e266e7aa7b3ecc0facd24ad9415aca029292760a3be3cf1509a7d2b74f8207dc8b89f3e66feda308f4a6d36a00aadd7247f05b3fceaa52b06e8c9ad898c343a56cb631511b5e945a58fca8572cff8b47edd0adfa4c69573fe2b721fe6db3fcfabceba80a84c95c378ee06ba0d63a1a8c11e91fa4fbdab88f7b09fdaa308f488d24e7e34c4fbe39a99e217226ba1262118eeda94e25c5d8c93c8e2927cb6a8a59e3de9273fe33253ef8caa3e8e38e9229feef787be2afecaa724f6094271d91243d727e42485384fbcd27b84a958277a640e386923b7dd229fd28eb1faab0f1ab4975fbb0dfbbb357d955744719cb71e6500d6c207bcd3351c64d22aff0096991ef4abeca153c5ed24aff96e37f2becabcc572a5d8768c1e95b0d83bd26d8f8bfa058204e95126a4e7a4b5b27fd9a733bc65e1538c7b112276846ca55dd637f1e98a0752ced61aa836b71392d8048a15031df484ef1034cbcf28c7bbc06da27d942a6215ca3c324d0cc6acb3c823b2bac15f872c941cfd34775614e0d68ff41681c77d081791d4d1266e11e40fc13adbbfe2d615f550e973207db55a14e3606e95d0240c6282e7f2aec380f5daaf602c088460e687d850056528e6e52503a90938f9fa57067339dd691e4540555d0791f50fa56013838cf8508850cf5a4c3738c83bbcde7f4c7db4226e4c750f378fd31f6d5368ac9ff2c2ba16451c61e3e3bd22b72d0b20a5417fa3bd28455f68bc0ce7c314372dc5d85e86f9cfbb7a714720876349425c6d692dbad2bda0a491820fbc6df1a67b0e740697ad92034fb6b527b44820949e87c7e7a196c02d1dd149b8c7c3f5f0e75ccfb3a015c2fdfe13a7f1d851ca3e29dd27f46982a68e4e522aeb7a5068546aed12abcc068ae65954a79231ed2a32bf7c4ff076563df54d1c61d4a943036383bf7d726ac32b3d8e0eb7360bba0996ca3c0568a73d49f80a1d4cba7bd35d069447b4b00d73a5b9d6801219ce3750143a1948c654aae7b13f96685698c8dd4491b8deb34b663e23863abd52ce560fc96d4a39eed89aa872592ebee38b71395a8ab6f3356cf54a5cb768fb8ba85ecd4359dff46aa048716874a43790314fc225ed33157965e85a07b5d4cd0374bbc85b0db4cc590d4776fda46522376ae2d2569e767da8ee9c254482949d8ef9a957877e926abca05be41b7eb18afa7b35444a1302e0a49d8a5519e5169ef0e542f277f6455739322ccc70dae1a6ad5758772952ee6894d02854771b425b23db4ac602892360a3d4d2ce8ed097b9ba4afaa6387312eb1ee596a2cb90e216b82a03e536a2be7f64ee0fce4e2bda3724fd9d2e7958493d1f41775f70fadf16f17bfb9312d776b74f4f2478fa9259b74eb3ed8e5287d48f6527742d394e08c9eea94b87d6e81c1d6ad37a76e10751c1b1e8d71125db0ca44942e4b93c10ca14927da254848276dc9e955cf8abae7556a6bcd9fef8ef6ddd5ad3b1130624d8c92eb0a28d9452481cea2a0017318251d76a42d13a91769d4ea36b7244e8f756d712e96e929434896c2c8e74a8a4f28dc73051f92a48552f2494ae86675b5837c5b1ad19e294dd417cb4cfd3775b8ac5c9a42399210d1c250b42d27703940ce7aefde2a3dbf976e6f192fbcb9520ee5d75456b3e7939269f7aaf4c5c9e9ab5ca6a6bad728690654c4a8140e832818501b77f7034968b39898595476878a105447c55d69dca6f762253bbd06144b54ab82886633ceefd424919a59b7e9c9105e4aa52391a7b999752a5a4e50478788383f014b52a746439c8eca75e19f93cdca91f3628db298aa01518a144ef8efa91a2af7b93563110cf64b5a5582527048ef34a4fb2999697d9c0c84f30dbbc5713d82d5ca523bb9f39f78068680a3da72772863e8a6cb4452dc6aa21a5cc75f0247755caf426e084ebe59ee77cbeb0ec2d2f29d64c751572ae6a9be70a08f06fdbc15f43820536fd16bd1497c4896dea9d56c391f47b0e12d30a252aba2d271ca93d4340eca577e3953de6ae4dc2e72350baab169c7116cb641023cbb9466d3c918247f73c64e394bb8c02704363c4fb3589cf2bd05ce7f6507eebac931dd4e9ed336e6e74d8a80931595765160a48c8ed9c0308cf509014b5770efa4e56915dc876ba96f0fdd94adcc18655161247872a4f3afdeb56fe03a506f5d2dba32dcddaed6c04210494b4d92a5ad47aadc51dd4b2772a392493e58867887c7bb669f71c6a6dcf9a40dbd4e128123c94bce050257d588577ee22788b3ac5a49a4b5099b759d09e898adb6d1f9d2324f99340c8e24daf2a2652df3de1092aaa4ef7a465cafb726e0e9eb4c7321e5f66d97945c24f99514a47d34f4d37a478b1affb727545b6ca867e5368524a803d3d94367fdaab6d4740d5194b7659857146004fb11e4b9e612066b3faeb2c23f076c9251f9ce605564baf0275a3ab9283c4d54d7984e5d69879c47213d01c2b6f8e2a1ad4b61976ab9ae0c9d4d2a6486ce14132967bb3b7b441db7f8d12cad5c0951caecd97f0f17dc6c63ee7a07e9bc0570ae36bcc8fee782d8fcf93fd35e763f6765002a4dca4b215ba4c92a4f30f1cabeda091a7d891bc779b903c52b6d42aec8174ac7a28ae3fbad7572d2d9f05491f6d73fd920a427fdf0b1367c55293fb55e77234c4b4ab00a5b47e824feaa3ad584b5f29c593e21291f50a968a272e2cf4107a4cad077bc69f4ffa4a3f6ab3fb281491feff0069d07fca11fb554055052da7771c48f78fb283f555773ce8f8d57b2572e2ba1e8327d291d18c5f74e9ff004847ed50ed7a52b9ff00bf74effac23f6abcef2d4e6ff7b90a5791560d1c8cb91ca3b479d0afd323157644e5c7b1e87b7e94ae94ff00bf3a755fe909fdaa3b1fd285fc7f77e9c5ff00a40fdaaf3bd2a59c10fba7f8743a1e7011879cc7bc7d946a25648f63d1367d26e512487ec2b1f9b280fe753cf40f1c8eaeb8a613d123952c1297a23dce938eb5e62b121654925c5e47439ab7fe828c1bf6aeb8ae5369588708f2ba138392b4819c6c76c8a8e296e2670595d8ba5cf91d490691e49699d656b58187a44290c93f9412a42c67dd9563de7c6965d461d501d01a6f4e4f3ebcd3c3b931272cfccc8fd74b6638bd6c388ec4e6b873a6d43119a0dc181442d3561bba95ce5d397d50fc58af1cfb9b55796bc57211c45d04b1de846ffe7057a8faabd8d1fa995de21c8ffe9aabcb4e2fa8235af0fdcc77201fe3a6b453191d87d716750af4a6996eee9653217102dc4b4b5101593cb8c8dff1b3f0a8cf80d2c5c344486d7f29a96e2b3e3f801fb229efe90642f8632c8193d893bfe926a39f47051569bb927bbd688f9d934b9a46fa6de52318abe58ed8cf4006285ed714598cf6491bedb6fef35b755ca2b3b3a095c10bc41dced40a5c18dfc681538b57e29aeda4288dc50dc38ae80fba7cabb0ac77d07bab6093f3577ca4771a11960642cf4a110bc75a2e9ce7a1142241c74350bb30ca564abcaba50e615cb4143702949b84a594e46c475c503760ecc487411b573cc463143ca6ca5c50ea01c6d4589c0e956982d0334b39f0a7b70b9b2f6b3b727a92bc0a62a1c19152170591eb1c41b4a31b1700fe50a72622a6c7a336ab83b63b9b3323e3b56544a39ba67047eba8bf8f1ad5ee1e70c6f57a8c7f763494331d4ae81c5ac2524fbb24fc2a4a700ed09c7524e2abdfa6cc92c706d28ce03b758c850cf51859fac0a339f0bca4914f93a8675fd2a9af29b5c979d71c5c97073295951c9dfbc9cef42bcaba3adb61171711c89c64637de932c794d922a70328491ef39cd1b495295ec024f80a06762339455a2611765367376739c74f647d9402937b5007eecbc13dc4047eb4d1a7169e5e556eaef23baba7fd94a1391f2b3e181544b84c3579e4c8bd2944750b8e827fd9ae39aeff00fbc9a5fe9456feca3a4a824a87e0f7c64d04ebbcc40037f1aa2f33ee145cbbb2000654738f186dfd9410b9dd87f7e89d4ec6223eca515ba9434849502adc9da93c728e6d8f5cd4b26536ce9374bba97b3b0cff00a226874cdbc14825d863fd180fd740a00f608efdf1437372f5c9152c81bb3b5b97b5c52b43d101df7ece8a5b2f3739016869c6d4b1b92e26969a5816d0707f1e9b7615e1e7f1e00516c55c5a4dcaf8d91edb07f83fd35b55e6f2dff7c673fa27edad2d67237a07b5c9dea6853629c4bf5e3233d87c10695117fbb766004c727bf63482cbfc9dd479998907aef534ec56e1855faf409c34c287b8d00bbedef989f56608f22450824731d8d6cb9cb8cfcf52f1ec1000d417a4ff00c49a3ee59ac3a8eeed8c9808f82cd746404e6827a57b3d7e19a97458337aaee63ac11f15d09f7d13dd3830c7fde7f45270918efc562641247b5b7751da3d4a7714157e979255015efe7fe8a00eae65874f6ed042875429628753ea2c24788a61eb6c3329b58c0e61be7ca89462c16dad89261eba88ca9b70fac4407e4bd1dd29c7c45588e0671a665d2e91f4f5ea52a6264ed0a6b9baf980cf66b3df9ee3e23154e6db21b9da3258581da30a1cbe5934fbe092e53ba834cf2295da1b8b251e3fbe26865051d854bda5667a169565351471bb8b0f68cf56b25a5405de6a3b453dd4476fa67f48ef8f754b2fb888ed38b7308427254a3d00ef27e19aa13c43d76e6b6e215cee6d28960b84327c1a1eca47c7ad47b08a3052987ef5ac16b96ff6d72b84d715ec95b8e956fde719c5201bc3606552266e7b80fb68bc682e3892a39049dc9aee5db9a1cbcd927af5a45ec75dd17d181aaf31cabda95207f041fd75b1788f9fee99247e88fb6921e88c878e103e343b31db071c89f9aaf303ca7dc556afab6560c7b849608dc2b9c8c7c41a947871e909a8b46cc8deb539dbd5a4a805b2facad691e2859dc28776f8a88dc6105600427c3a5172953796d1ec83bed449dc54e9e5df53d34d3ba8a2ea0b4c49f0dd0f4692da5d6dc1f8c08c8f71dc83eea73417f0467e7aab5e887ac8dd3474db43ce92f5b2465009e8d39923f9415564e1bf9c6ff1a2672671caec877c2710f34a6dc016958e5536a1b29241041f7e7154878ada1dcd09adae1694e7d59b50722a95f8cc2b251efc7c93e69ab9b0267265384a82872e15f5d45fe943a1cdef4640d4ec0e77ad8e18cf849dcb2bc609f20b23e0a5563c443346fd8e970ead92a657b32a82db23a636f3a071b9caa86547283d7e9ae3d5f989eb5c29a773d8d368cec811f2a8c478e82a0398151200de800c81b119f8d1eb7c642e533ece0f38ac727b9a4d713247a9687bb73a4147621b2338c8240c55627ae3092bc08c0f9f3d5a2e293b197a596d48482dbaea10411d7727f55430349e9c9202f9da413ddb8ad585a4a50bb673311594256b160f869c0e1c73d56debbb9dad5a734c2db4b71e111972694e7f0833ba1073b9df38c0a7b715f53e9fb6da6e96c88e7dcbd2368fdcf7aba46c07a4b98f66d910f4ed17d16a4ec84e73df4f5e27f1190c392f4ad8ae4dd9db851c3d7dbf271c9688d8f928ee2fa861284f7039a8bb46def44714edcc40b43b11b876f41662582660a99413852d6956eb75cf94a5ee4938e82bddc9a8e8dea79b495ad12beea6e2745d75a69f7a53eedba5c30962d3a7e14464c0663038ec94b202f61d544a8a89cfb3b8a92afde8df034e6976a44169c78dfe3c5b8d8a44a7821b715c81c7ed8f9d805ad215d9b87656394ef51deafe1f377ce21df2dda1eda88d6db3c17655c5c6df22394b695296aca890819c2001d540815278e399bf7a2a6b9d15a9a306353592ce85436a6b7c85e8fccdf66b093f8cd050f3c107c6b2aeb998c51ee564d7bc4962e1aae44fb1418da5db284b461d993d9304a5212558e620a944649ef3eea4f6f50596eba6642e65c2547bfb4a252975a5bad4a4129c7b41586949f6f7c10adab9d37c22b9dfe19b94b5aa140e40ea5096cb8fb88254028246c13ecee49dbc29ff00a0f81322db77fba0e21896c241ec5fb8b052c34a4e0fe139b0956774ed9dc5629554ba851a6e5d0855b4fae5cd0592a75b57b08e4192544e3ba9623bd26149ec54a2548514119dd241c1fa6a74e2bf0dedf704cad45a76e16676ed19a6ccab6400850524e1b53a946e39d0569c91d4615d534dad2fa46d766b0b370b8aa34e9c1832a4436579541216501b77f25d5b8943694f727b557853e9d46d5d31338b83b11fdd838edc1f500398af04e7bc003eba9dfd177d1b5de2b5e05fef885c6d1b01dc2cee954f747f7a6cf7241f96aee07037359c05f47a99c62bf2952d4a8ba7a02839729e8182b51dc32d78ad5bf4f92327c2ae85ca636831f4469269169876f610dc892c005bb7307212848e8a797bf28f7ad5d064e73bec6493b68b73777b939a8647dee58166dd68b7a131a6ce88395315013ecc58f8d83b8c0240c36939dd440a4cbadee359a1b369b3b6cc38d191ca083cad476c6e54493b7792a3d4e493926bbb9cd8f6582c58ecada63b2d20a07b5fbda7aa94a51ea49ca8a8f5c926a987a42f1e9bba97b4e585ecd9d2be59121b079a7b80f41dfd983d07e363247414ad12d45a59be428f183d209cb94a76c9a45d5a9959297ae5b87641efe5fc947d27dd55cb50092dcb6c3ee175d29e6214ad81cf7d49d0f4c47e1f6945deb5636e8972bfb9e181c8be6ea13b6e558dcf7246699766d3b3755b92ae086d3c89c9c281c79211e38152334b51cd5b4409c2d4c9635859e4a4871b4cb47685039b901c804f80ced9e9565af1ad1ed331896994953ea4b61c29c83be48dba9033b556cb05bcb1adeca4f2b2a6e4a39d2729c0cef52e6aad676784bfb8ee9597df01685138420e72924f8eddd59aae67533a77483a7177b22474ded7a6245c26c55b4f171b4b64387b2e61cc08e6ff00d77d477c3cbb42b06b9d4d61bc5bfb697727951db901a4adb4af7294ab3d124956e3bf9734b17dbd5ae646ba29990a90d98ae2f9dcfdef27d9f649dc9ce080054583512b4e6a03a864ad4e3aa90cad4da1c4f6a0efcdb1046738ea28615d557ec268db529ba6d39b4cb25c38d7f1f4de9d365bf446a47aa2b2c296014b8d9fc529208241db38a4bd5570e125e39e65e34d58a1c72ae4edc32a6de715d709ec4056de5b789a8824f16537f91db49b9be96b939108936e69d484780293cd9f3a62bd29bd4fad2db192572d953bc9d830148042963206f919f1ad79935668cb276d49e9ce17708ef96a4dc2cda967d91b792b2da9170ed1ac838230e2720676df7a8fee9c3d66da1c5c2e23d8668e6504c7921c4b981be79929e5cd475aaef6ea2e32e221c52586dd5b2d246414a12a2123e6029ad29c75c0128e6756a380852be7a5252975d05ce487cd9357bcf216e34e0656080a29c281f70228d9bd38e952d2fad6a277d80a64350dd86c04a5b049dcf3506daa44374ab2aca93b0df734e4ac66b8fa17b75b0799ce41f9d4597acd96d45224f6a7c02734d64c49929682fa54db6b1cc953c0a5253dc47e503e228f391d709a27b6294277480d84e7dd4c8a8b024a4b742d0d60ea880db2b773f92d1a3b1b533eb1ed5b1c23c53907e9a65b571756b052e38a49eee73fa88a32d38e93f29673e2a35a629242bda245b75cbd71400656d1f05e2aff007f53e2d05ab26a5b92d1852c34d67c0656afb2bcd6b220bb9254ad8ef935eacfa0d59bee470516f9494aa54b3ed1ef4a5091f5f3505556b00e4f2c9bec4ecb395a8e7be915690eebcb77796ed529447865e613faa9600e6de92a2b655aede56766ed091fc6904ff32b3c8c715ab63831e5413bd286574cd02b39a3b0843575767ef1f53919cfa948ff00e99af2cb8d0be4d45a0dc1dce633ee5a6bd4fd5a4fde3ea4231bc47c1c9e9ec1af33b88fa2a76a8d47a42243b85a7b665e04aa4ce6d8480a50c02a51c67639f0db3d6991928ee6aa54e52f7455e3a33da70c2728a7212c2f3b74dd35167a3739cba6ae3938fdd6919ff366a63e3f5b255ab875758929a53121a696871b3dc76dbc0f8e46c460f7d42de8df9569fbab79e929b3bf9a0d549df5364135169a22fbb5c3ee4db1d7c2429d4a8a50950eaa2a20547b2eff003de5ad4a96e8c9e895607cd4f6d5a9e6b52fc9fcff002cd47d25becd27c3348dd1d1887d9b8cc31dc5a67c90e02903f087a1cff4539ad0c4a9b1a12d57698953c1ce609583823a62994c85164a474241c7bb352cf0d74bc4916162638b299256e2012ae8338dbc28a30cdb1aa9473bb20a7dc5967fe5a9c47f07eca1dad3f257ff002d4ecff07eca7b8d39180d9e1efcd6d36661b57efa31efa274f434aa413d45c2d559a14475ad4b7075c7544292a437818a413a59f697caabfca49f02d24d4c7ada225c81080383ce699cf5a9971ce650f6bc41ac8c2e588103475c5f52392f7256927be3277a7840d01753054eaaeab525a49cadc8c90067a7d6284b7172291874a923b97be2ac470b3885134ff0d35358e55ae3c976eed84090e272b6d3dc53e79ac5565256b0d8534db29aeb6b2dd34cdb1e9c2f0dc8e5524047aba464938eb4c4b7eb499eb086e686dd69440e64a795493f0a9e78b7a498b8db1969121d6db53a323941f1c541fa9742a74ec44cb12d4f8ed90df2a9be5ea7c73e54f83f532ce161c8cb815be723c6a56f47c6c48e27d91b1827b5428a7c473a73f5d44111452803caa6bf4576448e34410bf692d425383dfdbb42b52d8c153665fe75279b71bd56df4e23cdc2cb633fe12eed6dee6dc3f65595787b46ab57a6de0682b0a49f9776fa9a57db4c661a5ef1475cd4522d8d2586db6d41037e6ce4d06c6b396b25098cc79e49149d7b52c4e7425bca4631f3526445bca795f823d2a8eaa8b68742351cd511cac471e454aa5262ef707b052c432aefe65aa9acd3720a8610714b76e61f2a4e463e355609445a31af42d726588d0d4c3197164be49231d3a573646af3a8ed8dcb890a20614a524733e524e0e37d8d2fa1258d17752bdcad0a1f50fd74adc378e96f49420538079cec37dd67eca5bd03b21ae74cea4c029b7c373f464fda2b8fbd6d51cd9fb931b1e025835662369ed38d47b7bae3473208e6ed5f2829f67ae3bf7c0f88a71fde3591280a446e71e0a5ab6fa686e5356e8549469bd46dafdab3b0703ba58a1458751abad8d9c7f95a6ac66b7b341b30b23d1e3a1b6977265a7864e1685050c1f2ce295fee35b80c886ce7f46aec57e056c6ecb7b16d085da5b4afdbf67d6527ddbd3434e4496fbb20458beb4ea7e5239c23947bcd5c136881d9acfaa32001d3945552d18d24cdb83e72131a532e1c1eeed824e7cb7a2281c5aaf67fe473feb28adaed17a56716274fb9f41ab4ccb4c1612a0c3633e091413eda540e12327c0558372a63d35d857030a6447614820108590763d0e451f672be87a519e234d6efbc4294e358288e4309578f2ec7e9cd0f19a69a6d4e2f642415288eb8ab25afb1c7e0e3251da28971cd9b69b4952967c80a156d4f5f28459672bdc13bd3b34e4466230b96a48335d1edab1fbda4f4424f70c51c727a9bcb9cbeca4eddff00ae972928ea3141ed6186edbaec9383a7ae43f8293fae93643b208ded53811dc1bfe9a99e1de133125380145293850f3c7eba47ba4031565c090504f855464f3346cab8774e109a5ef2bfe6d1134798cce4acb2a58520e16dac60a4f98a391c82b4829271e02b4ce226a2b836100254a27007b8d2e471bfc91bf956b8ab989c257d82c84b9c993827bb3d314d1d6b155252a584a806f1b81f3d481b91820d14b8c70fc65a143aa7157b30254e56d88a6d921e4b0f45413c8ee0118ea73b55a9f458d1c99baea2bdf299b4472fa8636ed08e547d24fcd55da0c5ed2f31dae4dd04baa18f03803e7abcde8b1a6cdb74348bb2d3876e520a92ac6fd9a3d91f02a2a3ff00e2aa6ccf2f653b8b1e919ad0e8be175d14d39c92e701058df7cafe51f8241f9ea9a69a8a91194fa939ed5584157701b7febdd5317a61eaf55ff57daf4d36a4aa3da230529291fdf9d248cf89e503e7a8b61ca6a3b6d476901496404038dce3a9f89cd266f43461e9e549b14db64f274dbad109a0158ce7a78d2dbca5a2183d92b2412394751dff00fe3ad23dc90987ecbd210dbb804b6a1b8c8ce091b74ac9999d351bf5105439de5e37df6c51865bc6fd7dd4eee185cb43aef04eaf6ae5263a884a5309e4b21073ba94a2dac918ee00548bc5789c1b81152fe90be5f1e795ca04672dfcc83e27b45b893f324d529bec0bb2ea4244733e024f4ef2702b2e11fb1618908515056771df4ad1755c7b5cb449b6b92db5367297421b491f0f6b2682d51ac05dedab5490f3f23992a4bf21602f19dc728006f9efad30be9a19a69496e3ebd177520b0f144c071ce566e71d6c807a738cb88cff00155f3d5e280f65b411b1c6e3c2bccfd29a84d8752d9af2c9295c490db871f9aa04ff002735e8fdb1e4a9b49695ced2929712a1de950047d74f946cce3d58f51d915e1b60ef4ac63b376b7cbb6c9095c698cad8702c6400a494e7e19cfc29b715de520e6966148f692734b946e8ce9b8bba28fea4b03ba72f73ad727992f437d51d60f5ca4e33ee3b1a4a0d277c1554f1e93fa5110b54c1be30905ab8b3d9baa4f4ed9b0067e2923e63509f6601e87e15e76bacada3dde16a2ab4d482e86938ea0d2b58e3a5cb83208efcede1455a6b3b0d852e5851c9312724900d72e6ce92d88efd226f02d1a6ad88490853d28f538d92826a004eab7c8ea93f1a96fd2b9e0e7def47505632f2ce3f823eda836dd012eb0545b73af78f215dac1463ca499cbaa9caa3491356bde38e92b95b1dd22855c65d89892a96e4c82ef64bb9483d5e7cad2a2a23703271e54cbb55ff0087f225b286e2df03ca580d95cd69385138f945031d7aede24d430f3a07c9f89a160b2b7df4003014402ac74aed3f69b6d9c28a68bbfaf2f365e08e975f0f9a7332ee7d85cee570b648129f5a73ccd47754b01252301584e411b93bd31352db58e2a4595a96e776bcbc10c167b695123b5daa013ec8e4ea373b9eef7545b66b443b72e2199256fc06d69e6506cfb69ef405741b01818e952aeb7e22588681908b44b6d4a711d92230185b69db394f70001dfce92e77f747c63d6433e16a366d8eadbb0dc1e67d55c536b92eecb512900846474d851c877697a94ad373b83f3648270e4a595ee7dfb01d3a5316d37f8fa9d6e02e86e72bda52140039f2f1a5ab64e723ba1a792a4141ca9d093ca07893ddf1ae5d58cb3348f414b95cb8b63b2c16a9d264aa226e688af2db5a4b9ce12d04f29cf312404a797249246d4f8e1b581cf496d73728b684fdc885dbb773b9b8e46c72baa692dbaf152490a48525cec9277fc25445a62dda8b5b7152cda6b4fc31749d295caa64ab91be5c7b4b7143212840f6893e1e35e86592c568e05690634ee9a8c2e17bb83bcea51c21c9f231bb8b57e234d8cfe8a7ccd7430d9a31b33cff0010a908cff77b8a33da6341daedda0745c4431310c95e5e19115b3b392dff00ca249181b7328848d81a232171748db05a6d3ccf3cb5971d7de3ccec8755b2dd70f7ad58f86001b00281fc168cb7484aa41b85ea7b9db4c9aa185487718ce0fc94247b294f70dfa926a15e3a7164f0dac05988fa57aa6e4d92d1ff00f48d1eae9f03dc91de77eeadc958e225998c7f490e350b6b32f48d924f3babf62eb31072a513ff0017411eff006cfc3c6a22d0ba6adb6bb4fdfaea090d38942ca21444292b70ac7e314788ee07a7534e2e08f0c206b39e6f7a89c90ab4fb696db6dce55c85f79e63dc09249ef3b54853bd18ad48589d03503cedb8a95861d8e03c9206793981c6e33be2b24e6b634a565620a6a05e38b5a94cd97dac7b7b2700281296124fc84e7aa8f79eff0075582b5aadfa76c3119896c6d11523b33c89c2d0b1f9dd4e7ae7df48b1936db095416488c8463d95742718cfbcf8d2f59dc6ee6dbd052b4ac3e9ca140ec958e86b3547990047faaf4db778bdc5b84590e3514b803e1f3cea47e7018e83ad32f575b6f36d912627ab3573255cedbe95a0b6b6f00a549cfb43c7e8eea9a63c52e3aea4a40e5c852543e8a6b6b9d20dcc8e2532c21a8f190b2e2b18c6413827cc8c01e2682151e651e86982596fd487adf33503c9ecdd6a3b614a030ead213e5dfb7cd4e1ba69445c82a43b3ad6f4b2076918ad6dac1ef1928c1c668edbe106ed7190de9a8b29209c4b5c6528abda3be7cbf553c385dc2bb5eb6e24b70a65e60e9b6df25b42e5254e192e28e0253be10af024815b9b483ceea2b499163da3ddddb8d1e3952464a999436f81c51fd33c3cbac59716eea4a6d6cc5743a1d7d63b470839f61b07246dd761e04f4ab09c5dd1164f461d536f54a76db789b31a2f305cb773cc6427d80a0924b4904e4052b2ad8e3c69936ce1f46e27f0d7586b66f54c1d2f6cb0101e84e43710e3cb732596d2a4e13ceb292001939dce06f42a4e4264a31d95caf3add9930b52ca71f484f6cef6c928390a0adf1efa90d162e18a348a26c4b86aa6b561420faace8d1550f9b3b8e742c2c0f3e5cd47e2df75bd4b44e96e15a5b486d8ca81c01b67ce857e1391df0e4c42dd8c918212be528fce0477d3a34dd92626524de8757198eb5eca1b4956480324d658205de4c98f345b0cd692e73252a64ada5949e8a4f45272318e87a1a28eb6ebeae488fa9fc7b3db3839709eec79f8d5a5f463e0ecfd75a59e5c7b1c0952a3bfd88babd7471a5c524641ec82b040049d9249c63be8aa4942362a8abbd4c95c7ee26b1608ad488b66b8214a0d08d26d118809032076096872a31b6c6a3ed5f6d6afcf21f569c9b2ed0a8cf495438cf069c8e483971b206e94ac13ca7230315696cde8ab318bb489afeb9817b9f6f78a956584ceea7c27f7a58273d0a491ca3a74df351ee8c6ed078aa8d32f44666c9642b9adcb824beeb9cc952b952a4f44202c9248201f315cea95a309a50573ad470fcfa53a939256297cbd337ab04f761ca88fc779a572ba85367d95633d46474df63df4658873524730747bd0455acf4b7d0d36daddbef1a7acd2ec91e273b73d51436d20214416ca9a42b2085730e6e5efefaad91f535cd9dd57194bc7729c27e8aed51a92a91cc8e1d68aa72b31d7c3fb0429897bd7dc7db3901096c75c8c677f7d7ae5e8e967fb89c0bd34d727229d8ea90a1e056e28fd58af26b42dde45daeccb6f29c90bc650558dbbebd96d2d6a161d0962b7a47288d058648f3084835551bccae63a8d2a7741a49da92ad985eb3bb9ebc902223dd97242bf552af228a0a80c81d6922c7beabd42bf06e137fc8715fcefa6819963d4712f3cb401a1c9ca4d00e530ce3635863ef03529ff00a148dff806bcaee3aa834ee8f56c0894bdc8f349fd55ea7eafff00fc77a8fce149ff0060d7963e906d7670f4abb9e931493ef38a65349ee3a936b624ce38bc97b83ad24eeb6edeb677392129756103e036f7015087a350fed3de4f51eb2d1fe42aa6de2c3297384d394eba1053157c80fe37b6463e927e1509fa32926c77c563a3ed7fb0aa51d5228d52d66d53d2060a1e57c30e11faa9832d93c8a047435236a46c3906ee09c61c74e7fce9a9d3487f53778a3ac74f40bc3efe9fb1459eca25322e3734070b6b485214529ce320838cf7d21c947736c1393d0a8286c84803c6a4cd0a169b1b60e4616afae9e364f4614ddf8bcf70e99d656e4de5b90f45f5d76238980b75b04901ee7e8704056319ab13a5ff00a9d1aeed6c069cbc5964465a8f24988b5bc924f72b941e5ea373b0c8ce2aa35e09dcd3184d32b7b1da2881cc71e74372a9072a271efab0f3fd0938856f7d6d0b4cc78a0e399ab6c95255ee294114123d0c388ee607dc49284f797a0ca48c7fdd1ab75a2d6831674475ace547167824a8a5d3239724f71029313a3af2fbc7b3ec12de700a954e7f48de126a6e185834ebd3a304bb36e21961b6c92a5ab09ca795412a07718db14048be3d669722df74624dbee4c3a844884fb252f30544f2a569ee27071dde7599c8d3077dd84a0e929315d42a6bc90d8dd4118dfca9d02e09623a10c6491e23ba93e7bb15a497153d4a193ecf60e2bea14cc6b8956e5ca434b7cb0827054a655b7feb06972ee86a8df61d1aba2bd74b7c611d69482e0528138c1c1fe8a8938b56f541d37110e1cabd71b0a27e26ad1c2d2d6f8d6788f4c7fb494f766a623905b53814144384a87b284a5192ac1392948193b415e9336672dd69b338fb4ce5f9e007585109200560107bfbf618acb1af0e62a7d59ade06b4b0f2ae96888b639cb631d6a77f445652ef19772414db460636de437d6a078e06315607d0c19ed78c32d582a08b7b433e197d3ffaf85758f3155e85f37919cef9f3aac3e9c3b691d2edf52ab9387ff927edab4af241c81555fd3994458b49363a998fab3ee6d23f5d319828eb50a453f01c51f3df349ec63b53818a377579c4487521a52920f51492dce5a1c27b1567e142f63ae878d874cdc6facbaec2692ea5a504ab9958393bfd54e08da32ef1f75c43f058a51e0d4c52acd70529a29264a46e46f847f4d485db38eaf912905676081f28fb875aceea346950d08f351db27db340cc71515c009c13ef52452ee808537ef4ad8af53580a6c2f19c6c544d2f716ad575b7f0b1c75511e8a95bada399e6948192bc8dc8fcda77e83d117e7343d8d5f7227bdfb89a5071315652414f5ce3ceab3871f6740f5b9897361c6c05852529e6015df84fd9f453dad6b52d80973d83cbdc6932c3e8b5c4ee22b0e3f694fdc4b5c820a1fb8cbf564bd81838460af19077c014feb77a337103426934a6e905ab9fa97315bf6e94249e52adb61ed74f2eea52af4f35b3206719c88838b8aecb4907cac83166477c927a72ba327e9a50439ceac870213d72acd03c4f81ebda2ef4d290768ca700cf7a7dafd540d85499d6684f8df9d949e6cf5d856abea63949a5761b76486db58e6e6c8ea3beaae6934136ad62b40f69b8c1e1bfe4be857eaab35258e642959e80d573e1c4137189abe301cc5db73c303af71156d760e9b6f52c559ee4a916888e63e5b6957d1485aff561d2da5e7dc09485a1b296b6eab3b27edf8501c3f75c95a46d4a583cc63b79dfa7b205463c7898edd2ef6fb234b58618fc33fca4e79bb86de59f9e896c5667723cb2ca7dc53b21d5a3b4714545581b53b6c8d2ae5706585b996c7e19e03a7203b03ef56df03522a7837c35674a225c5e2689175546e6305cb53ccf62e04138cf22f9d39c0db076eb481a5b4bae2d905c4f2172e2be64a013ce9693908c8232320e77fcaaa4d49ec31d4aa96e1a4bc961050daf03a9c1a2321097140a96a1ed736c297acfa564dd6eb120348e77e53a1a423bd44fff008dcf752bebbbbe9cd0970976366c49bb5c22afb27e44859436958f941206ea03237271e15539c3364b6a48f31accd8d6b338954d528ac92968800fbc1fd54a579908f509079c818ced491a624a2f32253a9653194951486d04900107c6a40b6e958526d4f5c6f05d4c04ee96da5722dec6e403d7e6a5395aa3763af59c9e128bed997a3ff72b84e527efba461c70159c8033e153b69ff457e2bea0b1b178b7e89bccab7bcd875a712c7297124642929242883dd81bd4777fb030fead8f24c45c38afb214c215b153609015e7d0fb5df834fb6351ce836c30dabc5c830472f66263813d318c035d6841ca3789cb59e4f56ec4793e34bb44c7a1cd65f8f2985a9b75a713caa429270a041dc10463144a5cc4b71d6a573ec3be9d8a8d194eab20052bda3cca19a6eebc71ab7582429a03b5202509ef2a3b0fafe8a54ad705e65adc40d1709dba4b75c693da3d2df4c7693f1c0c7c48af4a6d16d81a2b46dae1215d946b5dbd2990ea88c029492b57bbafd354bbd17b460bdf102ccd29be762d8d99af67a730d939f7ad49ab17e949ac3ef5784f39869de4997571301b00ee52ac9708fe0023f8548dd9866f34941952ee17a1ad35bdc6f9702f25b9921c907b1c73a527e401cdb6c397af854c7c16e08a38a97f66dd6989759ab4e1d7010d2521b18c9528741dd9ebbd435a16c526fd2998b1900a9e512a2bd92da123da528f7246e49f2ab156ee2dff005b1d32ad31a3a4c9873252142e57338476ad9180063da03a9c6d8c803724d66a976ec8dd08d9596c3f35a6aeb570cd51b4dd8d31f58a62c175e36c76324c186f151cf328e39f9525595ab649dc648cd51ebecc7655c5ec2145656484a7703e3dfe19a94b881ac188710dbe23a8924364bef722143b55048502a201252138db2904e06704d454db9da80e201015951df3b13d49a908771cdf439b5b4b69f0b7da48c2812798f281e646ff00353b7559b74a2d2e0299438460a22c479b6c8c752a75e2af980cd2023d9093da00d9d828741ee1df5c30b538ff006280b79d3b21a1ba97e7814dcaae05a4f7048aaf5378381d5e3a76a9f63f8be152a692b7708eeb6442f535d3573373520f6c224161d689c9c042d4e7374c6e40dfbaa2471d305f0258710f9380ca93ca47c0ef4e9816712391c96fa9a6ce3f0408048f3ad30718eb7228b8eb60c6bf8da02daa848d10bd42f3490a54b5df9b653ed744f661b24f4ce73df8ab8fc14bf0bf70e74f4b5ab2b30c30b20f55b7ec1faaa855f56db139f650a0a4a57b0cf755b1f44abdaa5f0e5e8855ceb8539581e0970050fa42a8a6d3d518b1293d6d62c7c777bb34a919dd860ec690e33c4292700ee0ef4ab1021c6de51710d148e64a15d57b8c84f98ce7e14968e6093c61b2ab5370bee6d360a9f85cb39adb272de7980fe095fcc2aa22ca8e0e0949dc62af2dbdd6dd4f64e616d2c722877292763f45537d5d65734d6a6b9dabb33cb1242da413de807d83f14949f8d7131d0b59a3d370aab74e9be822b409f114e0d34da84971441c04522b6b77b9ba75e956d4ea5f53a908c00077d79e99e9d68881fd25e0bf76d456c4b4e06d2c44ce3f394b273f40a6269cd28a7ede54e3eb715ce4128d86d8a93f8cd6a55c35b482995d9f66cb6d847283dd9fd748ba6e37616de52e8cf68bfc5ebbd7770cf2c23f231d47187b5dcad0612c00149e5578114e0b05ac768953bb27c40a4e1a9a2ba0071a5737e5014a71b52c3ecb9127071f926b74b33d11c9c3c69eec9534aea687a6e0bcd3575bfc57de573382d5312cb4a036194292727ce98fc42e285cb52f6f6d8b7cbcbf665252171ee32c39da91be48480319e837a2da49c44a7ee92d67b66a1c3764f66add2a501800f965436f2a6205f312547da3d68f0eaf26baa1588b2d5189ed22ba9710794a370527047c6a40d15ad751487dcb043697744df56cc6543691ccfbae057b1d9f43cfed2938ce0851c8e8430d28cad3cc7d9f1af427d10fd1f2370874d8e20ead6431a8a5c72ec08d292336e8ca4e4baa07a3ab1beff253e66b64e29f43039e45a920709b85760f45bd0f32e129299dab2e81089b25080a71649c371191bf7e01c7ca56fd00a70b2eb9a6e2ccbedf1c42b504b6c25e4a5596e1b5d44747d0567f195e405050a5b977969d5b754969b6d24da223b91d9208c192b07fbe287c9cee94f99aad1e92bc6abad96f1a7dcb73a8116338e3a96549ca56adbda50ef3eff0aa50b2ba462f6aa4b506f480e3e4dd34a4c1b3c9ecaf7211daa9f4a02bd599df9719c82a57d55065a5abc718b56bd70bc495bcda568727c81b64e3d96d3dc36f0e9b9a6ef10b5e4ee24dfdfbedc8a7d6de690d10da401ec8c0c0152770b2eec5bf44c442a3a8f68b71d52d09d892b3d7e00554db4ae35c7222548731b8919a8cdf24761b48421b40c25291d00f2a79c7ba38de929ee85e432a65d040ef0ac7eba893ef9e3c947e0a33cb5276e5083bd63fadaedf72245ba34475a65fc642924f360e40f9eb9ae2ee2eeed604e23a14c5cfb66824b2f0c8c8ea3a83f3114dcb0dfdfb7cc240e5047e2edd2a7ce197006fbc60d3506748718b5c7420762a98ac17b1919006fcb8037a47e29703a5f0c832cdf2088ecbfb317188a0e32b578058d81f238aabdf4648c5dee24c998c5ce131758e0732ff0006e807f1b1d4d26dcee6a66d93184a9486e4b45a740008527aeff1a2b67b7cbb5d9ef0dbad2dd61a425f0e201e50320673ddd45273d3fd763f214f2838dc9acb91e6bb36292488de16bfb769c723c37d99aa723baa4be93d9729c12472e50a233d09f0e94977fbfb8a98b93164ad6cb842c16b200dbe4950dc63b8fc693b8a7673035229f427f0321097011f943d93f6d15e186877388fafac763f5c720c398b0a7a4b2d975c69b19c94a07ca5f701d327caba6aca19e5b039dcda56143885c47bdebdbbc59da827a67cc6e1b1143b217f85ecdb4f2a028f79e50067a9efc9cd255a25c9b915464858801616ea02cf2294338d86c7193eec9f1a76f1df45e87d35aa53a5f47317b7ae909e5227ccbbcb6d63a6c9e44369e550ea7738e94db8767fb990d08650b4b40679f1d7ce9b46519c54a3b09a89c5d90b2b9886d3bb44018e9bf9536ee5776eed39a86c73ab997cbb273cc7e1f3d13d4339e8711612b521470373e34574c3129ab9d91c6df5a16e3cb73980e629091eef7d68d95c5ea4b1a7385f75b837eacddade282029617849cf9f87bbbbbeac4fa385e95c36bfde20df92dc18d363a1e6db79ce56d452ae5d8677db2299769bb3d1a0b65a69b096da05393b9c27e8a3ba846a9d2f32d376558973dc7035d8b0e2b98a92f81c89033d14797703ae33839ac129b9e8688acacb3eef15b4fd8605c9db1cdb2da264942dced62869b5adce520289ea4d52ebe5f75237c5e8bad1e9cedf2f2c4f4ca54a40054ea7a105436dd2794e7c2a46b86a4e2c2224e7e770f20c2b5c4639a42a445495868a7a95173986d8dd201f315036add452a269f8924cd723cb49e7ecd2ead696f98e0232772001dfbf5aaa54af2344ebd38d1716b5ee4f5c45b858f542afd7493719beb336d8880b8887928ed02495a0a55caa3cc0fb39c6de1bd55491650dcc712c05b69e73c8d3c72b483dc55819c78e07ba97addae5d9cfa1426a5c538928525d194a4a938cfc339a02d7ceb754e48216e0d9273bab1df5d6a74d514729c956761ffc00d392277116cf056d85facc865907c32ea33f457b1b3c766c25b1b241000f215e5e7a1cdb4df38e3a7105054866407b3d7e4a56bfad29af506e2721bf1eb433f6a5731574a1688552a2463ba92b4ffb57ed4ce1dff75476f3fa3191fb4694c1c669374d6f3b51abb8dcb97f8ac323f59a168ccb662f294397c281708e5f8576af9268174e104f951881b5ab958e19ea05753ea323fd855796de928c7676ed34a1d04d56de7815ea46a9476bc36bda06c5705e009eeca48af3ef8c1c39635259ed2bb86a5b469df509424baddc960a96da9381d9a3f1d5b7c9f751a9286e6ba14a53d8ce3132470954ace498ce7d6aa85fd195494592fe956705c6867cc85e3ea153bf1b4b2ef0be52d8496d84c7ecdb4a9593ca946c4f99dcfc45409e8db9363be9ee12236ffc7a5bd8dd7bb646fa9521a55f5aeb8764a7e671429ab37565cd11d943b21d90d2129084bea2b18e5c0c67ba9dba91cfed9ea1180087e59209c7e328eff3fd1493c4ad18de9193668ceca4c912ad90ee095a5492a421f643812b4a49e550df6eb8e527ad646f5b1d0a6934d0b96d7a13804c4c92983eae31da105c539cc10a6c246c4e493b771ced53f7a2cf18753f0c3583377852a6cfd322506ae90dc0b084b2a564a8a724248e6241dbbc74271532cba8936f294b995b41d529284a76c91d71ef00e3caa6fe0bf14ef5a144eb4aae098769bec6e494db8b536c4c09dd2dad4949c03cc46e31d41eb40d65bdd1b63052b5996c78b7c57d5fc11e39aa1ccbe4cbde957949b8dbe2487791b9115d04a50569014394f32720fe20a817587a54eadd537c90b8baa67c6891b2a6db4495b606e4e3656e07404f85495e99522044e02f0d5d9d2e34bd5d19945b4488324aff0002190e3814080549e6e5e5510304a877d53fb44684bb2485c969c4bce208415a4654be9b6f9e5c779a14d586c61295ec58ce2c71bdfd7563d349d492644e4c17d325a53931e7b0e0e520a4296420e53d5206fd4548d79d71a438c11adf75d552ee69766295f819d31a90e470d1c129781ed1adc83c8b0a6d4339031915e6ed6262e1074b43484fe16e2db0ebed8c93cea48031d06073636af40e1ff53874a5be7add46a2b84b639963d525c26dc6f0723729524e467620822a3925a0acb24c832ffaa9ee1d6824ceb5c445fe3953a5a7d9639f98157b2563aa7639503f27c4820d471291a3f537116cd72bb88b718d1a2b494c765414d8754e152b9827a94ec003e35317a51702267a38701ee8ed9f535d6641b8c962defc52c069b08528a92a5af989d8a4a478f3e0ec6a92e906fb4683483cae173031f450ba8dc1c2fa30d5f3268947d2a7881374fcb8cfe9f9925a8f212a67b25282bb0501857b0a0ac050c8c1c771c6c0d57fb96bdbcea3d1b6cb7dca597986aec5d4b4a40052aecb19c80300e57ecf4cef8a7ff1320df2ed7d8ccdba3bf702d243ae29092521593b92718dc78d43335bb9aae0c1b836f240965b714e8c65c1927cbbcf4f1a0a5493db5683a95aa3ba6da5f31cccace3618ab23e838a539c57bb807d9112383f170d5686144271df8ab33e81a39b8997e57fcc431eef6dcfb2b75b4b9c9abeeb2f8ba9c6f5533d3a5dfdcfa35a3f8cec957d0d8fd756ddf19daa9ffa77921fd109f04cd57d2cd1bd8e7d07ed94d351b261c72e36f656fa12b28527e4efdc69b96bbb0b6ca53b32089f1d40a7b32be4c2bb8f360e3dd4bda8e2485bec050210e0ca0e7638da950e915b9a5250e64f6a48711ce7036eef88dbe359653caf53d0c29b9aba1bcdebabb59ee4fb76e7176b8e1de610d079b94f42092919e98e956074bfa5c6bbb447b7cdb3b3a7ed2cb4a0a54285686101c4a7b94b395ab3e2493bd56225739d4a12d95483ec848df989d86c3ad591b470fad5223b0b16f956c8a96521961f742e48247b4a5a93ec8dc9c00338c13b934a9936d2e4d9e9bde91375be68e83a459b54489a76e68b76a08d2c870ba4ad9e65a12a2ae5e40e15f41b74a91f4f7a5ef102d7c0db6a2e766458ed2a84cc2b7cbb4b3c9314d21012a753da3bf8d8d9413df9154d38ed799aad3f63b63ee2d70a1a13122a0a890db480ac2327cd64d4adafb891335b59b4eb2cb2a90511196db640c86c250949dc7e8d60c4d4e5c5591a70f495493d4b2f64f4abd3f770d04dd2743766360bc24b5fbca8009e65289f69471927a11e07197e696e39cbd3ca75f7a426e10520ac182e05ba918c9e648dfc33ca3bf6aa3769b55cedb216d0b4c3b85cc86d51d89a429a692a2ae67169c8e6c728c027bf2738a30fb57bd39790fc86d94437e484076328a10cad47609c1d93938f206b9596155e8b5374a8ca2ae89bfd28af36176146d616f4b89b66a24bf1a530c84f64dbe9464389db20b8951ea79728eece2a1ed257eb7e96e1dd99ebcbceb7317193d95b9a6ff743a90301c0144252d91d16aeb8380aa9b7869c29d43c40d3736118b0adab8119f434edfa295a5a92be5c290da814a9384609e83ae0f42c2d6da174c5f74247b1dbf49de276bf4beeb571bf098a43299093caaed56e23954818db940db1be0815dfa1532d3516f6393521adc8aefbc619cd5b9c7e15a2df111ed902429c90ac0381924a413ee48a65f049b296b585c1402930ad0e49524fe3004647d229df2fd1f2fb6ab4f6771bb5a2df84388e55482a2a272a000c6e703c7be997c2ebd26c7a1f888e207eea99696edf1d27af3befb683f109e73f0ad5995ae8ce9b4ecc3fa578f56eb216adcedadb16e8ed908763b8e768b23049515edb6e3000ebd698e9d6d26f37699747a3a3b592b2aca94764f70fa05497e93da4b4bf0d34ce9bd2f67b3408fa82e284489d38232ef66818f944edcee64903a84d425092a6ca5a40ebec8cd1c1dca93689334c4f9ba96f56fb3c765a4b935de5563a06c0e67147e031f1a9a6758550d094a8b29090004a72001e154dae37b7dcb915b2e1436d0ecd2b41208c7520f76e0efe5570a1aa42f4bda1c90a52e4984ca9c52cee55d983bd5bdc28b6c078732e24ce3133126ea4734db10adee2c4a86d15bc5d73d84a138e9ba9193dc3269b5c75e443a5c7ae4bbc5c9bca245cde0076eb191ecef950d86e77a876e5aca4c5d5eb9d1a3a0bf1d6b4abb5054959cef91f57ba9f36bbdbfa86d7164dc6234a7d2e1561c4f2b5d983d4fe681f3f4ac35294e35955be874a9558aa6e2f7107415e66a6e2aed1ac769d9242509ca96b2ac2509f152b276ee193dd562b4cdbd174b5c9bd6a17567495810969e4b0797d6defef71593f94b3b157724159ee151c693b0b9aab583362b032cb8ea9696fee9a13929e64e15d983800ab74f3753c8adc24134e5e287112d9757a1691d34bc694d3c14cc7752769af9d9d927f2828e4249ea919fc6ad4966f6999a55e791526f45ffbb7d0873889abef170d7abb8ce69969737f0adb4968a1b6991ecb686c773694a709c770cf52693ae9abe744b73eb40692a083cab1d41c75a2baa621775485e1c59e74edbabbbbbcba50efe9693299287204a5b6b1fe05583f456a552cad733a94907a26b6bea6dad368b93adb61a03b3094841dbc31bfc6902f13d77bbb5b61bc5210ca7d61c23f1881b67e7347a7c3930a0ab9a22d84b68c03d92bb879d23688832aff0070ed5014fc892ea234718ef279401f1355f101b2e97a22e94fb95a46e37f79187ae4ff00232a231f816f6cfc564ff16a27f4c4d61f76788306c2d2c166d31b99c48ff0ceee73ee4840f8d5b6d3f6787a0f454482a50660daa1f2babf04a1197159f1d967e6af37758ea37b56ea5bc5fa490a76e321c92463a2547d84fc1381f0a91d0c90bb9390f94dd63d8ec46dd6eb8b65c5b60c87d83cc64be08e48cd91d50927994ae8a50f048a6fdd751bd6f8c592fade9055cceb817cdce7dfde05312da9911df598e973dac83ca92763f553874d68cbfeb3bcb76cb5c22e4d582b1eb2eb6c3781d495b8529fa6a94546edb34394d89a6eacbca5b93a4ba9427052d250a517bc139c8e51dc55be3b8514b65f932a7c868a53199009690564848cec093b9c79d4a37bf457e23bb1a65d24b36d9eea1b2f381abdc579e21237d92e1ee1d0795448c695b985abfb592893b737644114bcc90c8b945d98e17afd366b7159325d90d30395b2f9252da7f353d00a4b66e321e90198587a602ac2da0138cf7a9437a389b15d5dfc0bb065b49c7e4939f2da8ea2d57782d25106d7d92149df0d90a3efc9a8a570af20cdaa2260abd6a63ca9971230a71d51514f90ce76a76e9ebe59beeb326f4992b8695f3bbeaef8694521272904a14398ed8da9968b0dee42f9d50dd41cf45103f5d0874ade544fee7575fca15764dea44e49dc9475eeb7e1448b7b8dd9740de19b93ed14b17399a8090dab71cc5a4b385e3f272334fef43dbc7f6c3525b79fe5b0dc84ed8e8a29247f185577bc696b8b912da9434b5b8d255ce09d93939a96fd13272a2f14d11b3ca24c379a50f1230a03f935a135944d66e5ba2f14791db00aecd28d80c241c6c0027e704fc68f30b20f5c6763493089093b80338a5571b11df71b4ba979285101c46c950f119aa398f71521b9ed7302004ee4e6a11f48eb1a616a98176670a45c62e578380971b3cb83fc1e43530b0e74eef1c535b8e5664deb87c9978fc25b5f4bd91d7915ec2be19293f0ac38a86681d1e1f57975a37eba15b59e75608381ef14edd3895260b854324ab1d7ca9aadb1caac0563cb14f2b14752a0a067aac9cf4f0af1f3d5d8f72dd96a56de28dd1d7f5dde1409010ef26079048fd549364bcca4c2e5432dad21670540e7eba6ceb0b92a5eafbe3ca593cf2ddc7b5f9dfd146ad77c8306121a75d3ce3720249af474a0f22472f1d89796308ad88396869e7b31da5a11e0b566ba42d4d2b18028643252820fb34594304e0e6bb491c36d128f0a356446a1dcb4cc9b35b657dd809422eafa17eb7108df91a5057284af18502927c0f753226dbfee7dd64c43edf64e140f1233b51084fae2c869f6965b75b585a163f1540e41ab4fe8fde8ec7d2135ba350be9542d14cb6dc8bbbe8d945f07062b47f2d641dff15249f0acca0e956bbda4bf40e5252a7ae961c1e85fe8ccc6a0719e236ae88976c10dd26d301e1ecdc1f4ff007d23bda41c7929407766ad2de66ff5c0bdbab94a2e69c82f733e31fddf206fd90f16d3b15771384f4068eeabba2a6bd0f4d58da6ed9150ca5a098e901b81113b7b38db27a0f13f1a6eea4bab36eb7b36db727b061a4f66da01e891d544f793d49ef26b5c62e4f538f2799dc6cf15b5f36d3139e75e0d438e952de593e1dc2a8af10b59c8d6ed2a73a90da1321686503f151818f9f735247a496bf2fcdfbd786e02db585cd524fca5f5083eece4f99a8357edd8d60672246723cd3fd14f968ac69a7051d40e2b8131c9ef06ad970fa2371740d8982d295cb0db57286f98648c9faeaa330852e3bd8d9408c6f8ebb55ecb358e4bd6884d32dacb0865b424b202527081dffd35c7c654704ac39c54f76244343cfc94a1b696da011cc4378c27bcfcd4e5d1da4a35d1ef5dbd3c9660f6850c34bc92f9077514a7da281e5d4f90a3f6dd1731f78367f0217b153f21284f86e73d29675aab4ef09e0a64ea8be17df2c844466df116eb4519c91db65209009d81f0cd61a5525376685ba56d6248d6a76df614a277dd0b24e91ca0372274c5ad2c0c6c1b8e84e4118e87dd4cbd61c489f76ededae06ee36990021f4ae2861b5f9a5bc9c63b89c1aabbab7d294b776929d396e8e8b6b6076322e292b7d471b92124246f9e9dc6982f7a506a79ade52edbd938f9222a891f12a35b5509cb5b0c8253934cb2ecd85fb4aee2ec25a92a31fb10013871b27e411d307c29812a3a988c5c0ce1a4a8f2907071e193d7191f38a88a3fa496b799310bfba2cf600a4299f574252e0073ca4e3201c6320e466ada6a6f48ed2b67d170ae9a06cda72d6f4865321e81748beb8f870a70be475d52bda1923e48e954e8ca2f51af92d5af6656ce21db9573b7c779b0b2ea1652105bcec474da991a46e5aa3873a8215eacb064264478cb65973b152b0569527236dca49047ba9d9c4ce2a5db57c56df93724b2a8d9296603623039c7737807e3e35192f57cc7db0906495f204056559381d49ce4d6e5093872da2f95460b3671eba774a5da5c971d5b12675d653854fb9d9a96b2b249393bf993f1a912deeda6d511913274771e4b3d99716b49013e006704799de88e9cf4a0bf4ce1d59b48b97ab8c472015b0d98ae9690f344e4216138248048cf78c67c6a16d5f962f2fa63aca985fb685000601eef70aa54a72795e825648a734eec9135adeed2ebe911e445752492731b9f04f983b74f03d69d7c48d236fd1e9d2971b3c5852225c6d85f42cb0e1714ea7297885247b3856091e04557cb74c7a14c6a4255cea6d415850c8daa7385aed57ce13dcf4edc43887a2ba66daae0ca8a7b35a93f846091f88e27194f8a52714c9d19a8e802ab0beb11e7a2389916cd6b662de2cf65f5892ca796e1394f292014e4108e64f20208c1f6ba83d335381e24dc2e3e8ff32d3398856d544026c6976c8ddac84ab9d25be67012128dd2724e71f3541fc41d3ba6f5070774b5e34fc705a8101b8d21ae605d291b970ac0c95256540e73818ee150a435aedce0fc238fc15008c67da48ce40dbbb38fa3a62934f0dce57bd809e2a29db292e4c97acae8a5b577d6174721496cb2f25c92b534a6c8239708c929c78f538151bdd99b84a94f33ea024ac82d87fb229c84e70704f7f8115a7acd77b9b25e89116b86af9120c94a42b077eaa1df45d1a4a634f733d2edcdaf39e55dd5a511f04ac9ad31a2a0fda622a547522b2a12adf64b9894a52e0af07738484ef532cfb2435486ff00b5ec28271cc4b5e1d77f9ea366f4eb0dba16e5f2d085fe4b725e593f008c7d3534696b94cbda5b62dd0e24e70240e68b639320abcce4629b39456881a3171bb64cde82161655c6b9af30da50cc48cf2d2002027294a7eb555fcba13dab63c0554ef41cd0f3ec3a8b56dcee511d88f3cca406df8c632c15ac957e089ca53942719ab573d799473f8a00349bdcc38bff001350119cef443492438ddf1c2704dd646078e0213fcda501be0d25e8f39b7cd5fe5dca69cff9f50fe6d5b3327ecb17318e6140492432b3e0934609c8f3a2d35404578f820fd54667635f592bff00e565f76ff939e3fc935e677a49340f0ef4f4a00026e6415637384f79af4c359282b85f7af3b6bbfec1af34bd238f3706acf8032d5d967e81469683e9bb21e7c707fb3e0dc97bf25904fc502a0ff46061db958b50b4c11daaa430a6d2540170a428948cf79a9fb8856c17de142e22d215db3094807a64b608cfc40a866c367568db238d250c25d5381e29647e0c149e9e78a5cf537529456e449acd97e0eacbea2432ec65b92243a10f27955ca54a524e3c08c1efa8d27ca59618573295ec81ccadcf41565388d75b7eb6b05ea388ca8d7ab1b0990b41c2800701612a1ddb8c8aad6b8722e2dc48d1925d52592e1481dc94e49f801589bd753b508e9f30a32ff28c64803a1a78d935129712d301c68bedc47cb89ebcca0559e4046f8ebf3d31119424649de9e5c30315fd69638f3876905d9696de40c8ca4ed8c8dfa94d5cde9a8ea5b96ff8cdafb867aff466987f553f2625ed8b599cc5badae29b53ab75b0421c2942824152072e77c1f3aa7f1b503d0a736f1507f9709521472950f0c7d54e2e27c17a4710353f2a395888e7236d20e12869084a538f209e5dbde6983c8b4380904127239862b25acb736c5ce3ac4b3522cff73b4fe8cd4b12e0a6e44cbd76223488c52db4e3650a4282f279c10b19c246083b9e956f2e5e9c5ae74d6a5b85b6f68edbd58f658b3f66b529cd8f3a7b4400b4a81c8c01f1aa43abaeafc7d29a3a297f78f243c8c289082a20e47860d75c55d5d7bd457854871b9531a5a8b9eb3d8ad4ac801232a19c10139c6700938eb4285abceed96b38a5e9a2ad6ba22f3a7efd0efb22d57260b0eb372b5c66d95e48e8aea143aa48190a00d531d3da8e2db5f98db0b71d21c25a53c30a2804e398f40718c9d867345a1c97a535992b71492ac722dc3cb9fd13f5d0d6f88ca1c525c011ce48c0ee1596a48f45c3787f35e796c4bb7fd12ad57c217350c5990e45c21c80f4c8aa7b296a112539510397b42e02528249290481d2abdeaeb9fdd07a08c29096e514a52bfc5f64ed8a7809974d3f02644438fc8832dc1ca86d442141192904742464fcf51bdce77af37054b1cab4cb5e401d4004feb15d1c324a1a1c2c52709ce2fa0acd2f076ab4be802952f883a9d60020331124f86ee1aaa51d412a1951c66ad7ff0053f37d67a9563fc34347f25e3faab53d8e155d532f8bc8c82718354efd3c3d99ba281ff0534fd2cd5ca793dd9f2aa6fe9e69fed968b1ff003134ff00299a2673e83fde14f9d79721e4890e00cb630d8032450b717ee17a80ddbada95c871e213803181e27c079d0b2b4cbcfb6f38d5c6d8a404254a4aae4cb4a46c7621c5277f219a72f0f2d8dd96d4edd6473a9e7b66c75e54f4cd26a4212d5ee7769d79c63642f70eb867174931eb6f144abbe32b90b1b359ee40eefd2ea69e8e5c8476f2b184e719a6640d7704c294e3ceb8131dd505631ccf60e3d919dc6f4932f5ea6e6d171b6149739b91b4a14541291e248d8f5e959f2365e6b8478ef313221d99b6d4485c85640fd115966d7572b34685652e292a8b214c05018511cc4ee7e3481ad66397076dca7909294bb91b9f2a72e9fb59d4f7a8d29b614877b42a5bb9c848048231efeff314bab494e1663e8d4c93d07e31709331d5c80a2a79c00294a39381d0512d67af6369b6916c96e2df5bad25c5464ef83cdb13dc063e34c1bcf13ee51654987122b317b352db2eefce52158048eed875a113a17526b92d4f66cd2243d2887572393b28ed271ca86d2a560600f33dde66b053c224ef2d8dd571975969ee5e3f47ff004b9d37aa3452b486babc3d6c0637ab47bf474a8ba1a03090e7282a4ad1ecf2ac039030735186ace2a690b3ff006bac178be5e9f88fadb937475dec537139ddee9ce9276db033511e9ce05ea2b6c80553adb11fc0e54b8ea969c77825236f7e714b6e7a3dcc6e5ca92ddf592080a71288aa7540f78041f922b5c69d3a72793a987349e8c29ac755db6f5016eaade4b9d92ca5d76438e2803d77593be4751822a2ee1f311256a7b2b13d4a6ede2721d9052324368216ac0ef3b7d356125f0aadd6fe184c125e439766a33ce094b60a14319207293be3df50ef0abef7e3b171937bf554e121a60c97548f695f2b181e02b545e8c4bd588dc48e234cd7bc56d43aa2338a8ec3aa543843625115239027718dc024fbcd34659f528ab71230b23911ef3f60a9d99b570ea221296a3da30077c870feaae54ef0f932428c6b238db7918e751c1c79a7144a76e80ca3721be1e58acf709efbb788b2e5416027d88aea5a0a39e8a241d88cf4a9b6e9c5d8f25a530c5a94c829084e5e1848f01f0d8507687343b4a78c766d0df36092d1f3f752b7dcbb2ae0a6736c404c25381a4ca29050579f92084ee7af96d54e6c28c6db84383bc1a8171b9b7abf5c8ec7497ac21e5c769ec3d25055be3032949015856c55dd442f96a7754ea455ab49c090fdbc4852209793f25a04e1d794361846e7c319eb5375e35c357dd3d06df0e05818b7c1012cc601095280484e55ca3da3b7e328f5d80e944edbad6eb011ea912df6f69121ac2fb36b0909049280401cbd01c039c62a4aac5c524b535d7749e554174d6fdc290b87778d0bc245aedcd376ebeea40ec584eca5f23acc1c6244b501921d91fbda47e23648eaa512c0d37c02d421f656a971971591cce18dcc0040c648252054e773e35bd70baa275ce35bd8ec9b6e2b6dc309586d291801285056d9c9ea3ad0aae2959dd655367bc5c68abb3530e7305afc36427007bcd25d5773038cafa10b6b7b039a56e117d55662332f0e76518a9b48c000677f68e31ed1dcef4dc9aa71c1cca7dc049dcf3124d3e3885ab626bc76dcfc58688698ab7195210acee1646fb79789a6a3b102db5271ddb55a6fa8dd52d4617112e8bb5e9c783521c53d24861093d4957f4669fde895c3e177d750de5b5cd12cacfacac91d5c390de7cf98a8ff0006a25d4cfaef7abd98a705ab6a7995e1da1abc3e8b7a2869ae1a377178724abcb865a96a18219194b7f4052bf855b20ac8c5565a05bd2bf560d2dc20990da5f24abd3a9b7a394efc84153a47f0011fc2154ff4b69c92cdad5737223beaafaca5b7b90f67ecf5dfa0df22a54f4cbd626f1c4487656794c7b3451919dbb7770a567dc9081f1353a7a3071bb43ddb44db74397a234fc563b25459094fee83d56a008f6f249dba8cf86f55526e0b441d08a71b15412d91d02ff8d46d8e55801ce738f170ed56af8bfe8b712e71e4dcf447650ee0a1da2603ca222b8afcd3d519f9bdd54d2ed60e23d96f2f5beeb6e6acceb6a214a96ce07bd183ed8f3159e325516869b6563e6defa1bc07125693dfcd922955db5b12984aa2d95f71ac04f69eb2ead2a3f8ca381dfe1dd515ea3d4b74d1b6f8eb11d77679cc85ba1be56d18fcd4e4fcf49b62e2d5d2e7290c36fc680e2ce08709423e726a72d933928c9d3ee87520d8f08510094b8e9007c6b2eba6a1c488fadb6073a718c2cede2319a6d7df16a0dc1badac93dfeb39fd74977cbcea7836a5cc44c80eb016107b1cb9b9f8d528dd96d8b68b72147fb9f23c9546916f69094931c609c64aaa3083c4dd4ef5ca330e88e1971c4a5652c8e84ef4fed5baaae5a66125e8900ce5296525611ecb63c481bd35c1a644ee1f7e235d9928647293b9cd67a3e48fb9fc6cb203ece65b8d1dfb8a143151f5c38cd79b8b0237dccb742712a1f8769977b4dbae79dc50dfc80a5ee0ddc96e712f4e4c7159717716798818cf32c03f4135a21092bdcc95257d0f4523a720e3634a0c3c5a524a92169041293d0efd0f9525c6576720a4938c6d47d0b068fa18740fade0e3cb5a501b4a944840e837e9465f808bf5aa6db1dc7672d953249eec8c67e0707e149c958eb4a765921ab84759c72858cfb89c526a2bab071d1dd1531e71c8721c65e400e34b2858231820e0d3aeded06b4f1945ce448696e601c63033faa8cf19229b5f11af099092e2e43824f390095050df7f78344752c96adfc3db93c094f656e7558fe01fb6bc5568daae5f89efe33cf454d76282aee824c95ab7529d74af995df9de95e04b9c23fb2da4a72704a41fd54de7d89afc78c80da4a5b4728c0c6d927e3b9a5e8d786ed919a61e7795613b809ce2bd4afdda48e367bc9b646feacb27db5923ccd694c240d8628d3abc74183dd4eee17f09751f1775643b0e9c84b9739fc2d6b56cd476c7571d5fe22075cfbb19aebe895ce48a1c04e07def8e9aea3582d03b061203b3ae0e20a9b86c67da7158ea77c253f8c76af4c445b2709743c3d2fa762aa2596d892db4deddac978ecb75c23e538b3d7c361dd499c30e1b45f47dd1e9d3da7af082facf6d3ae29b7a0b929ee5c1392b0795392100f41bf534452f2a6ea35a9e93eb8c5b8057b4c86ff0eacf2f451e80057c45297b6f5464ad352564f4145b5bb67b4b81e23d7a4afb696e27a95ef84fb920e07bd47bea35e216a96349697badee4e14e30d95a527aa9676427e24d3d2e324ca241f687d7501fa595d4a34a5ae00406da9728ad612319084feacd6d51b19e12bbb153ee73645ce74895256a7643ee29d716aea544e49a098694f4196c273cd94b800f20a1fac5185c3e6dc9f7d2cda62c2b439eba99cf3cea10731171804b80f51cdcdfaaa3573724352d7204070bea651252d292b532f6791633d0e0838f71a50b1f12b5059ee699506e2f41c2b2511cf23671dc5236228c5e5fb7396d92ec586e472e8e5032081f4d33232399cc8713b79d2254b33d4b7a93f5d38c7ad20c344890cad96978e47959c2b3d08c53767716352eaa86e5ba43a24b0eec5923e9f8536245fee970b1316b977242e1b382db6b47314e3381cdb1c0c9d8d036a88b69f0e33216a5e3fbc33cc7f5d52a3040bec0574b708ac4a49528b9c814014e0039dc7cddf4db623b8520251d7e1524b7a32ed7e5a551acf7a9aa3b6188ab567e64d396cfe8e9aeaebca62f0ff00523e0f42b8cb6d3f39029f1514b71767d485832e455fe41208f9e940a64c865b5ad2e29082005729c0df3564acde877c5590a0a6b87ef45246cb9f31081f4af6a7b40f420e2c4c6c25fb7e998483dd2ae48731ef00abeaa8e70485dd772accb68396e65de61eda7da3e7df405b4be98d29910d735e714391e6828ad291d40036deaeedafd0335f142512356e93b7378e8c4752ca7e0191f5d3a6dde813786d094cce2b86467da441b7ba3e62563eaa47397602f4fab3cf6b7d8ee4ddc4adbb6cb4a92b0a03d5d7b11f0a795ef8797c9412f45b6ca564050c32718233e157eedfe803a781067f11f524bf10cb086f3f12b3f553bec5fd4fae193d95bd3751cf5a7e529eb832c83f00de7e9a175dad88a54dbb27a9e6345e18ea279639a230d8efeda43083f10575215874e4b6347ccb1dc1fb4c742945d6d46524fb78d89e5cee3c73d2bd1e81e85bc1cb4bbcaf698953969ef7eeeeac7f27029d76cf46de125b80ec387b6838c6eff68e9fe52e8255e720dd4a5b391e59e95b4bfa723ca80e6a2b526df281ed63a0bce04ab18e6494a0807c477d036fd0b668cb2977532de0afc58b6d5b80ff001968faabd7c81c2ad0904831b43e9b648d862d8d13f3949a7440b35aedc008969b7450074621b48fa934319c96c8cf2ab46fb5cf277873a3b4c58752b37495a4ae9af22f66a6d56e956a2db4b247b2ae6492a05277183e553144b7dc2e0ee74ff00569609ca53f7106c3c8adb5fd35e8c332168c04a8a47823603e6a3024150dd64fc6865796aca5898259522835ab49f185ee5fb9bc2954007601c433188f8a436453cf4e70dfd215b7d2e310a15912ad941ebb2b6f82566ae50208e99aeb9c277e8294d770a3894b656232e0f70def9a26d13e46a8bc8be6a1b8bc97643e8e62842523096d2a57b4a032724d2dcd5854a77c01c539ee37366230a51502ac6c01de99c5e2e28acf79cd3e9a39d5e79e770c20e54903bf6a21a2f074f2143fbe4994e7cf25da3b194a53c8c63e50fae937422c2b48dad7f96dadcf9dd51fd669b614bdd63868a5d0f25be41fcc57d54694738a217c562d12bfc59a21635f56af3c2ebce3ff0076b9fec1af367d223038330d47f16eaaff0066bd20d42bed3863781ffece746ffa26bcddf487415f03d3f997507f9269f0d86c0984c24dcf455b9a528242db6f3938ce5ba8daeb6d447872406038b8efb684e067989e98f1eef9a9f122e3220f0e6d52a239d93eda23a90ac67fbdd22d9f5d4895748f2d719a32db7507b241284a80d89c8dc6c4f4fd7489dcd54ed7d4af706c374d2b65e2adeef16f93162188e4761f790521d75d77950067ae49eb499c1be0b47e2869471f6f59d9ad8199ce36ab7dccbcc388f653f844ba80a185038c149e869afe90dc53d4babb595d2cd73b89fb936e9ab446b7466c351dbc1202b947ca5609f6944ab7d88a8ba15e665b5ce68b25e8e720e5b591bd61941b47a14d65562e2c6f417873f99b6f56e9f5bc940512cddd5cbb9236e664787d34afa7bd045fb2dc22cf8faa6d4b9315e4bcdb6aba47e55104100e474d8553e89c4cd4b116a537779195000e55dc3a51cfebb5aacf4bc4803f4ab3e49bea35548ae85dcd4fe88972d51acee5a85371b3c05cb742d10e3dfe2a90d8e408292549f6b2079524b9e84d767a634b55d20adb4ec548b9447323bceca154e9be2d6ab4ee2f3273e6ba30df18b568ff0096a48f72e96e95872c44a3ee96538cde8ddaaf4fd9d6f405b1748d6cfdd47927464ab931957280be6381bf4a7268ad19c56d41a661ddf4c6a97156e908fc186ae0c294923652544ad2720e41045547738c1aa5f0a4b976796952795409ea0ec682b1f14f5169b86635b6e6f4560acb9d9a0edcc719fa854c8fb8a751dee5aebc7a2c7123535e9db95d4aa6ca5e39dd52d85a95b01dcf81dd49abf44ed7cc3c5c4dadf7538c6109607d722abf31e909aea30f66f8f1a10fa496be237bd387e19a1746e74e9713c451b2a72b589f5cf468e23bad4665bb2dd5971b714b42db543094e700ee65646d91d29a3c43f43cd6fa36ccf5e8fdca5b1190a74c06e7a5f98b511cca202072602524e02bf17bea2c1e915afb39fbb8e7cd442e1c6ed6774524c8be3eb293cc9036c1ff00d1a753a725a230d7af2af27527bb12edaf4c9f2c34cb28773b85679538f126af17a05e94936cbb5e2629c6dd0ec98aa5f663649087b237ebd6a84c3b8bcd28f22b1cc7271e35797fa9e3707e5bd77e670e3ee84746ff00e21f3f656f69a4726a6ccbd2f0c74aa6be9eab3f76345027188d30ff0029afb2ae4baaf026a9dfa78475bf76d20b03d9f559494fbf9dbcfd62a6e73287bf720163d19b5ddde246b9c7b1dc5e8d25097d0a69a64f3a08c8c12f03d3c853dacfc10d6cda531dfd21780d0414e4223a40c0db07b6f1a62c1f484d47675b36b44c75288e12c2121471ca0003e8a5997e90da9a13ea42a5baea13b768859283b03d7e34b9d3aafa1d984a08e9cf46bd6f1edae456f4edf908795cce247aaab9f079920fe17b89ae3fac15fed2c25cb8c3badb5249e653d083c103dcd2947e8a2cbf4a1bdb633eb2e95f87393834d995c7bd4d76ba36a9139e446041502b249df3d297c9a9b8ccf4fa86afdc2a9b2e636f4654eb934c10a4b28b04f0db87bc1504e4771a7c702b82d749b767d529b970190da5b05eb7c90e384924948520024637dfbc5750fd2aef4da501ab8f6607c90da4253f363029c1a4bd20756dd6e4d356b5c89729d7004b6d209c2ba8271d3c77eea54a13b6a3235229de23bd7c2db7e91972f54dbf4ecb9d343caec573203cebc1693ca57c8a414a7a1e883b1073519ea4d5dc45bcde10fa6249b631903b28f67903001e8096ce3af76066ad048e33dc20c6b8ca97312982d3094b8e83ec29f00f3849ef0361efdbb8e220fecbd7c5d3b113127dac150552d29496835cd27b9195f9cd517561b71a45ed6e2c143887634d6c14fbc2003eea1745699bb9972ddbb41bbbafbea4a5b4a60cb52129c78947d752bc9f4c5762c8523d658f67621b779c67bf06b69f4d5527e4c96cabc06f44a9cf6b0b7522ddc8ff0051e9dbdb3689ee336ebb389658752ef3c178b6d800f32b2a4631804e73b75a815705e6ed49b91b5bb7086d385a2b0b294a164640dba9c05559bd67e976fdf74bdd2dc9e43f742338cfc9ee71247d4aaad374d6336d5a417a798e510e5c844c736df9900a538fe32ab550a553b08a928b4208d5905b712156b50214729538bdfcbaff004d49bc3bd38feb0d2b3a635a71f7181296d879861c71ace01e52b055ca5391f2bae7bea1471f2f3bccb3ed13bed53d7a2a719e470b2ed7964c82dc29ada15c9ce400b493857bf0714eab464a3992174dabda41987a0e3db3d9b85b551d2709512d3a0a53de70946f47b4e49be69f94d1b7a5a762b8d82e454adf4a90ae63ec825920edcbbe08383b0ab1d1fd2ed01a04ce57c5cc8faeb1cf4cb4b0709949fe3573da93dd1b5655b3237b36a69a97597e7214db452797b56de496cec483c8929564818c240c7523a53a3434789a82e522f97082e34f466fd55a0dbddab4028124f2a90013dd9c52d39e9a0145397db564f7aaa40d1fe91e2ed63767a834a6d4e14a79803d363f49a0716ba049a7b0d988d58996503f7434d0dca1695efbf7048c52ab71b4b2527fb4f16f4de4294cb8dbea5123c0231bd399be3cb725b1f838fbedf20526dc38daf5b5b9ce42532dbaf36169e54e30be99f8fb3f35059977457dd5acc67755ea1ec2ce9b04769c496ade8e6cb60a524f3731272492773df4d1bd4e66cb6c9739e500d476cb873e4334ea1064bd16e135f90b94fcb7944baa392adf727e6a8838ad7071f542d3cd9caa42fb67f1d43693b66b4538e762672484be13e9297ae7534287caaf5cbc4c05cdb64a09cabe64e6bd2273d534eda7270c5ba0319f24b484feca6ab7fa1de821eb573d4efb3f828e9f518648fc72017143dc309fe11a92bd28751af4ef0967b2c2b91ebaba88015de10aca97fc9411fc2ad8f7b1cc93cd2b14bae4b5710f58ddae530aff0077bce4a7024e30147d94e7cb61f0a376ee1e5b604966447329a7da5871b71a7ca56850e8411b8228ee93821a84b7f1ed3cbfa06df5e69c094107ca9736cdb04594e067a4186598f62d427b43b21a98e1cf687ccf72be83534eb2d03a6f8896509b832ccd61c196e423e5a0fe69ea3dd542138d81008efa7e5a78d5aa2c51198d06586986da0dad0b057da919f69593d7040dbb80ac0e93cd78ee6a83d0d7167d1aaeda652eae02a45d2cc727b48ce290f20782f041f9aa0657092c0dca25c82b0f0564871d5e49f3c9deac8c6f48ad4209f588b1240f72939fa4d0c78d165b934e2aefa4e0bcf2797952940595f89e6236c7d34f4e695994d264256fb54680ca58661b28693d12940c50d70b745b9c15437d8c30a50514b5ecee3a74a9906aee185d31eb7a564c259eaa8e7007ccaad2acbc28b9fef376b95b547f15695103e749aa4ecee5d910235c3fb236e25c0dc842904287e14f514e398c896ca9a448763e460adb039be191b53f35968ed2f61b7b2fdb752bd74764279d9650c0208ce0952b3b0c823c6991c9be00c0a3f7b560dac32ee1c32b74be7fdd528ad6412e1e527eaa4dd196b6ec5c49b5c4614b5258b8b1caa5f5cf3a6a46433ed74f2a6868580abd718ede96f2b0bbab2063bf0a04fd00d69a4ddecccd51248beeac7aeab07a676a1c1215455b3da4d70efefa30a2114f48e63dc33ce420e37daab7f143d21357680e22dd2d70445910182d96da7a382405212aea0827af8d58a6d408c78d535f49c4f61c559a529cf68c475e7fcd01faab25793846e8f45c0b074f1d8ae454d9a7f90ff9dc675718e64372659d36bbd468ca121d6d64b7213cdec94a4e4a48f6b3bf78ad71aa7987c22d4096d47b43112c8e51f94a48fab3513f0cef29897df585c8698298cf04297850412d2b190763bf7798a89b54fa486b5bf5ad56d9aec2434b5a5c5f6110214952559001ced85035e6151a95aae6e88f75c5f034784429c693be64dfa0da877865b8a43a4a7b3385730e94de9533d71f5b85dc0ce1201eea0ee1aa25dc1d756fb6d2d4e9054a29dd47ce8bb373425002a1b4a3e3935df92cda1e21bbbb976f863fd4ea901a6ae5c4ad428b4358e65596ce52f49c7838f11d9a37c74e6ab37a6ad3a4b853a71eb1e8db2336686b00adc428a9e795f94eb8af6967c8e0790a8fee1e91da4ae24f2dfb04f7bacba91f4a6921ce2d69b98a25abfc05e4f7bc01fa6bb5e53117f6e0fd0f352c4396e3e6e77b4842d6b51c24151dfb86e6906cae2cda52e2d44bd294a92e13d72bdc0f827945362ebabad72ad5250d5da1a94e243631211b73109f1f3a5f8979b7c85b696a7c520ec9099083faeb4470d3b7bafd05664b662a20731c9029a3c53e18c1e25581b8521f5c390c39dac79284f314ab18231de083f453e222585280329900f7f3a4feba5762d16f7802f5c19c67a050a8e13eccbbdb5454b57a213a129e5d52dab2327f712811fcade9bd77f47797617fb193712e677438867650f89abcec47b0c3232e25c50efeb491ad2d968d4b6d0c349e5741ca5413d2a929df67e8355695f5652687c088120844b92f3b1c9f69000483f35493a3fd18349dce0a2422ded2d29252a0a249f8e4d3ea668a9505ce45f2f2a7a2bc45286995ccd3d254ea1c0b695f2da39c2bfa68e5197444755b5b922688e0de8fb7da980d69bb425d6c72973d49b2a24779246e69fb034ddb2dc1223c1891f1d3b38e84e3e6151de99e203c990e302324730ce327ad39d3aae62c1c34900f8249ac2e93bea2f331f6c3eea10109754123f276a143c7272a51cf8926a3ff00be49cb207c9f726ba37a9ca1fbeac7c2979102dfc490db29cec31f0a34d3e06338f9aa31fba331c2799e73dd935da653dd54b5efe2a3579006ae4a826b48c02ea5247715577f75a30395486c7f0aa2c0ee4fca3f1a30dba31d47cf5325b5072adc9386a2829d8ca467c8d1846abb7a13fbfe4f924d466d389f1a38dac01bed55a02959dd12223594348d838bf70a1dbd6cc01ec30b5791351fb4e27c68e34e66aec4711f29d704748df3aa85fbf79047b0c369f3249a6736e038de8d32401d6ad2b086b51d29d613d6720b63c929a10ea6b89feff8f7245375a5a7f2851c4b9cc9c55d8a1645f67b89de52fe06b499f25c0429e5907c4d273676c75a34c555922ae835cc4f524fbe84428ec28b73f87d55d858c6c77a2b00dab86db73b2573786f44742908d1761f386dabe719fd75a92f76715f5e7e4b4b57cc9359a5bf03a5aca8e9cb058ffe9a6a824d6517fb4a2f7168cb8321a4f552394507dad08dbe0103beaec2d0d8d450d71f8757a6d408e580ff005fd135e6e7a40a33c0d90a1f8b734fd2935ea56b5991cf0e75195612516f7f23cfb323f5d7971e90384701ee47a04dcdaf9c834da4ef71f18dac3f6602ae14db540732bb188703c79299963b74a8d778afbbec8c94f291d33d29e6c36ec9e115a7b00a53863c42027afc8a42b0b4e310b95f043a9787364e4e79e85efa84520e347b3c53d5007417077fdaa657353df8dc31c56d51fe5eefd74c96a3bb21c4a1b415ad670948ea6b1cee7a4a7fe1c4c4a8e6bb0a38a7335c29d66eb41d6f4a5e5d688c85b7096a491e440c1a2ebe1deab6d5caad2f7a0ac671f739efd9a45d0cb31052e0e95b2e02314a4e68dd44d7cbb0dd51fa501e1fcda28ed9ee3187e1adf2d9ff00191d69fac555cbcafb008701adf30f3a0391ce6c722b3fa26b0a5c03250a03cd26a5d12cc31ce2b39b3d28b0e7524a920a923bc0dbe7a150dbbca086d641efe435689660c15b56056154184bbcc0766bcfe81ae836ea95fbd387fcd9fb2991b229a61965479811e357b3fa9d2901abbafbfeea33f4457aa8b3319ec03d83b8eb9e4357cbfa9c50dc9106f48424a9cfba883cbdfb4377eda6c9a7130d5ba8b2ef3aee155137a47f09e4714b418fb9a80e5e6d6b5498adf7bc9230b6c1f120023cc0a991db2ccc8fc0aa8116a98d9ddb58f755ec72613cad33c94be693664ca57ad76d124a3d85008f6811d42927bc57169d2f1a2a14d33715a8a54a203d1d49185230774ac1f03f0af4eb5af02f4bebd91eb378b1b6ecb50f6a5360a1c57bca719f8d325ff43dd0eb51e58731b1e52143eda6baba599d08d783288af4f5a5d6476e12eac139710e3a9db3d405850e98a2a34cd80a08cbdda927955f29237eff00c1e7a67a55ed73d0db4513f22e00ff00942beca118f43bd02824498b3e4a08d9265b8820f882923e9cd2be6c6bc453eff9149b4e698d10db88957f9b2e5bc948fdc90da536dacf4ca9c512af0d9200f3a930713ac562b38b769b86cc58a3a474b4a65907f3b195387cc9ab16af43ad00a2496ae473dc662becae4fa20e8446c8627e3ca62beca16a2f7612c4d35b3fc8a63ac6ed7ad660372afaca2281b4565b53681e0303ff005bd334680739c94dc21019e850afb2aff7f623686ff0370ff5c57d95a1e885a21670966e64ff009691faa9b09e5568a05d6a72776ca228d096d2a4f693024f3a798e011cb8df1b0df38c5194680b61e528b93495e77cf28dbcbe1faeaf11f445d12938ecee89f2f5d3fb35a3e88da241dbeea83e3eb9ff00db54eabee52ab47ab295dcb4bc162d51c47750f494f20514bc829000f00327ba9b774d28fdc10ca8bd1da09494e39b2aebde2afb2bd12746631cf751fe97ff00db402fd10345f54bd7649f1f5949fad352155a45f328fd9679fdf78925b3b3ecafe342a7454e49f60b009db65d5f757a1fe8f50da65dc7b9e47ec5723d0fb49a774dc6f00fe9b67f9b47cf267a5f78a229d2375071da358f0ed0d186b475cb9f98f64af2ed0fd957957e881a64f4bbddc7bfb2fd9ae47a20e9f4fc8bddd47f01afd9aae73ec57329749149068eb828a484360777b7562ed32ecf63d2b6db733728c4b2d203890bdf9f19567e27e8a9395e887642462fd721fa4cb47f50a323d0f2c662a79350dc50fe7da52da6d4923c93818f9e9351ba9ef0d855a71ea464d6a1b7028099cc77f45d16bc6a186b6c72cd695b1e8bf8d49abf437b72be4ea8929f3f544fea55177fd0ce263d9d56f7c6103ff8948e5219ce5dc8b5fd5f02dba6a3252f090f81fbcb472b27036f01939dcd4556ad3d73d55ab14e218f5abc5c9d4b6c474fe20cec907c07526ad233e86d152b05cd52e2d1d0a442009fe5d4a3c3be0be9de1a154880d2e5dc569e454e9382e63c1206c91eeeb4d84727bbd44ceac7b8afa074647d05a42d9638f8508ad00e3a07ef8e1dd6bf8a89f862a35f4b1d3cfdeb8649911d257f7366a24ba9037ecca54d93f02b04d4da4668b4d8accc8eeb0fb6879875250e34b194ad2460823c0d1599954fdacc8f3ef4cb8dbb01b6038842dbd8059c645389bb3bf23f7be456dd12acd4afacbd11a3cc9ce49d35794db9a709518535056841cf44a93be3c8d351af463e21dadecc2be44680dc2a34f75acfc0015528dd687463523dc6b26c1307f7ac7c7fa2bb1a7e61c7e0be9a7c5a7803c49957369373d58ec287bf3c866e0ebcb4edb61394e7271de28abfc10e2d768b4b3a8dc5b4144254abbba0919d8e3bb6eea572e5dc67363dc6a7dedce3f25924f9568e97b813fdccba7327821c6041ca752b893ff5cba2841c1ce2fa5041d4aea89fff006cbb53972ee12ab01aff007b93db19319c03cc5722d3281dd9733eea74bdc1be2fad007df0bbf1bcbb458f03f8b0a20aaffed0e84dddcabc925d49cc8aea37d56993907d5d791b7c935b6ad3256b0030e15782524d3b1ce06f14910da746aa0a90a242a3a6e6fe103b8f39d8e7c00da888e02f145c592eea34202810afedb3df4e055a849f52b9abb8c6d5573fb84d391f94896ad885020a3e1d734f4f461e1a3a9b8b9ab6636a4c7612b6e1f38fdf1c5642dcf3091900f893e14e9d23e8b1163496e46a2b90bab89215ea7152a4b4b3e0b59f688f701efa9dd8b7b36f82d4769a430d3690943480121291d0003614f8a51d8c952aad9004642821c755d4e2bb2a253423aa4f65848a2c55ecef4c4616c15b5f77c2aa07a56928e24e72073416147dfed8fd42adbf39cf5aa97e9571d12388472a2149b634a481d0e14e1ac389f74f61e1695b8827f06459a3eeafdbef119e88a48908585254a4856140850d8823a81d4546fad341a9ad49744449f6944712dd0cb4ab9b495a51cc480a04ec714f0d38ff00f6d23a80c0e74ee76c0cee69d5c41e0dac38fccfbe9b2190f34990e40703edbf1ca920f22b2800ab7ce46dbd71a8df98ec7d17c53153c1d29f54edf858ae12ecb223ad416b68a47e321d0a1f475a2fea4e0e85b3fc2a775c3474c88160cf65ccf8289a4afbdf93ff00ea5bf9cd746ccf98dd12a48572af756063a914029ded40c13ca361bd057677f0a503c715a4602457de22ee786cb6373c011824241e65a4631f1a53d1b143f7888928f6724edb0a47b9abf73329ff009d1f4034e3e1f239afcc91d10852abd4e020961a73b192a2fde455c91de8ec3084871c4a14bd9393d692d2e4571d203edf5c01cd8a5d9f6d6ee3114cbb90923aa7a8f75213f678ee3aa5061d6ce120728e98a5d385392d7f43455cc9e80c1964f300e0511b9c2e81912da85d9e16a739ba292a38a2ce59d012037dba07290491bf5a3316cfdbc753416a4201d8b88de9ae953b5fff0046752930bea171d5599f5a5c712427230b20d45526f335ac84cd929fd17943f5d4bdaa5a4b5647d19ce001b542576490f919e95d0c1d0a728b7950a949e7cb70c46d4d778eea14d5da7b641d8a653831fcaa7046d657e3ff002e5d0ffa73bfb54ca48208a5584e12da8838501f4d757ca50b5dd34ff04c5d5ccd5d31dcd6b6d4292317fba8c7fd39dfdaa3cd6bcd4a3a6a2ba8ff004d73edab23c36e0d70d35ce9d6ee36db05e6e3961a4a9c599088c5f0d37da766b0a1cc038560f82811d3144758702f4ce9ee17dd2f6bd277e837d62076c63bae386230f121bc739512528e45ba33d7b4037c5788fef070b75fcbba1695edeec7e5dc7cf8562553e6a9ab5afbb2024f1035420eda92ebfeb8bfb685471375637f23535d47fa5a8febade96e1c6a7d7116449d3fa7e7dde3b0e06dc7a2b5cc84288cf293d338a4c4e9db98bd9b39b7c9177edfd57d44b67b6ed738e4e5ebcd9eef3af56a9f0e9c9c72c1b5bab46ebe6b74705aaf14a4ef662eb3c55d669e9aa6ec31d3124d28c7e336bb474d5b743fa4f67f55691c0de22004fde36a1dfc2dee7d9499f785a99abdb76472c37345e5d495376d5c3703eb0064a9282324601dc567e5f09abee2a6ff009419c7150df32fc18e5678e7af5b3b6a99cafd3e557d69a3ecf1ff005fa371a8dd27cd868ff36914706b5ea46fa2b5078e3ee63dfb345a0f0eb564a4ce547d35787d3055c92bb382e1ec0e39b0b1cbec9c6fbf752bcbf069ed1a6edffd2225e717597a3fa0ee67d22b882d8c7df08f8c360ff328c0f48fe21e3235172fba1b1fb151d5aad536f3398836d8af4e9b20e19622b65c71c38ce12919276de84be58ae3a6e798376b7cab6cd4a42cb1319534e049e84a48ce0d695c2b8673397c9866ded657b77324ab62ad9b3bb12227d24b8883ff0068ce7fc8d8fd8a1d1e927c4649046a31fea51ff62a2842bbc50893835a5705e1d2de847d119258ac47df64bcd7a517125a1817e695e66031fb142a7d2c388e85b6dfdde881c59dbb68b1db463bc95280007d3e00d441cfe148da86cd256854d4b8ca9a294e52a74050c67bbcf7c57038d70ac26170929e1b0f1cda7d9475386d5a95aba8d69bb7ccb291bd28b5ea41edf883a35a50fc5534a7543f891f07e0694dbf4a7d6081bf11b482bcbee54823ff00a554b50f059f69d0de4e02944e0d1b4349291fdb08c8fe12bf66be532c0e2dbbf2ff00fc11ee14f0f1566bd5b2dc5e3d30b5dda5b4bd1b51695be360fb69811561c48c75285a504fc3343b1e993c405a12b0bb3ba9201055009c8f82eaa3c54b6b7d2dfaf34428805c2140273b778f3a9152b05a4a8389739873650300fb87774af6fe1de194710a74f1d874edb3ca796e355a54546a61a6d5fa5c9fdbf4c7d792731dc62caa43c0b6a2984a0405020e3f09d77ae2dde98bafa2428cc362cea699650d239e0289e54a4019fc2780a8221b9896c9ee0a07f5d636b2940cf80af5bfddde159ede5e3e87957c4719915aa3f52c023d3435ea5479a3d8d7e5ea2b4ffe251b67d36759a07b76ab2b847821c4ff003aab8a9dc935c17707ad5bf0d7087be1e204788e356bcd659597e98ba9f55c572c72ac969698b88f5571e656f73a02ce320138cefdf5087a419e6e02ddb7c817563e20e692b4daf9b52da53e329b1fcaa5be3e0cf022fa3f26e518ff002abe61e2ae1b85e1d89a50c3432a69df7ef6eacf69c0f1156bc64eacaed31dda3ae2fb5c05b14a6d7977d4a30e650cf711f50a4db4c9724c20eba4171c74289031925746342afb5f470b1a87410d81f32c8a25655016c67f487fb75f3da91b4d9e99ad4a71c6a69678aba9ca50857eee70ee69a719f94c91c919b201ef34fae3076478a5a9b9c0feed51dfdc29bd0df8a8c6423e26b34b7d0ee527ec4512cf083d27b59f0b6d0e5a5ad3f6ebd5b4afb46d996fb88eccf784a92ae9e5e7523ff6776ab0b0afeb756940c6309b9bf8faea00812e26dbb5f3d2bb4fc5736e66b1e445639528dcd19c97647a77ea60824f0f6d491de45c5f269387f5402e09212e683b5123b8dc1e3f5a4d433a990da6392d29215d363517beff006cf2d64e7276247752dc2286295cb7cdfa7d27fe31c3a80a3ff377150fadb35b91e9df6992df66ff000c58701ebfdb24feb62a9f8581df5bed478d5658977f8167ae1e96da726381f89a0e5d8e6a77449b5ddd0d107f39219e558f25034bfa73d3a62c785d95f3493b3df07024c67da68a87e7279319f763dd5508b83c6b82a06a72d12e5dafece8d20a202b47dd923ca44757d1814327d37b432d3be95bde7c84538fe5d520e718ae92b1d28e34a2c99be05d39de97fc3dba72991a42e920a7e4979988b23c8657533f03fd23b4c59f4a5c757d8f4cca65889706e2aa2a832ca9c716d11cc0a3230067af8d7992dac7d356a78107ff00e9e2f6afcad48d01f08e3edaeff09c052c46368d2a9ac652499c6e275674b0b5271dd22e6abd3be139f2b4c4f41ff1ed9ae3fb3a2d8acf369bb97f05d6bedaa859f677ae4e322bef1fdcce0eff00cb7fcccf962e2d8b8e998b7ffd9c9672403a72e9f05b3fb542b5e9b36370ff00c1cbb8f8b27f9f5526da9683854e1cf952fb6f47524f2b79f8566a9e0fe110fb0ff998ea7c5315376cc5a16fd31f4f3e77b15d92af30cfedd1a4fa57d81cc1369b9a7de96bf6eaaa079b41239401d2ba6e4252ac738c1e82b0cbc23c36da465fcccdf0e255d6f22d77f651e9c50c9b7dc867bbb26ff6e8077d2974d0ce2dd743ee69bfdbaabe1f055d69fda3b83bac35e59feead92c6fcfb7f685a0fa5c6d00ac0048014a04f5ae757f0d708c2c73d7938af8cada9b29637115de582bbf912c2bd2b34d24906d576ff00ba47ed5723d2cb4a0eb6ebb63fc423f6aa2e8dc19d5d3b53c9d3ad69e966f51daeddd88b094292dec02f2a2014ee3707beb5a93809ac34dc68efdd34f3f11b90fa23347b569456ea8e129012b2726b3ae0dc033283a9abd7df5b319ccc735750fc8940fa586953f26df75c79b28fdaa19af4a1d34fee9b75ccfbdb47ed541b2782daa06b03a6059640bf04f37a89e5e7c72f36739c63946739a6fe9ed2b78be5fe359adb11d997290ef62d466f1cca58ea339c78f7d688f877834e2e7095d257f7ba77f968f515e6f1709659c7f22ce27d2434e2cffbdf721fe691fb5427f644e9a3ff0013b8ff00ab8fdaa8934bf06b5b6a68f29db6e9f973531242a23ea6d48c21e4e3991ba8648c8ce335dcae116b1877d4d9ded3f29bb9ae2ae6a62928e62ca36539f2b000f335cc9705e0b9dc154d56fed7c0db1ab8ab5f26ff00025b4fa4169957f78b80f2f56ffeeaec71ff004b9fc49c3fd17fa6ab8f3fb7ca9209ce302972e9a32f966d3d06f73ad7222da671c4696e270874e0918f80269d3f0e70e835172777b7b5b811c55695ecb6f813b0e3de9423da54d4fe9453f6d7438f5a48ec654948fce8aaaaf3a7b4f5cb555d1ab6da21bd3e7bbcc511d94e54a0064fd1bd7367d0d79d617372dd68b7c8b84d405294cc64732921270a27dc76f7d04bc37c3a0da94dab6af5d8258aada658dee58a4f1df476779eb4fbe2ae8c0e3a68c50cfdd2567c04673ecaac369e1f5df505e156bb7429536e09e7e68cc239969e4f9791e58a1edba3ee532dd3a7c585264c28094ae53eda09430927092b3dd9208a92f0d70d8bff0011f4ebdf6f5e848e2abbfb2595571cf468e97170ff00a2b9f657238f1a35b39335d23c4c45e3eaaae566d3373bfb8fb76c81267b8c34a79d4476cacb684e32a38e80646f5cab48de5fb1b9796edb29cb4b4ae5726a5a3d8a4f815f4cfc6825e1be1b0938caa3bedbaea1ac55569494742c90e3c68858c9b8389c784458fd55c2b8f7a29b1b5c5cc7f932fecaaff6fe18ea8b85a15748fa7ae8fdb8279bd69b8ab5378f1c81d28a5a7416a0d4ac3d22d164b85cd8697c8b72247538942b19c1206c7154bc3bc2f5fdeecedef2d3e7d82f315f4b437f832c3af8ff00a2d58fed8b9f18ce7d940b9c7bd10460cf70ff00a2b9f65571bf68cbde995342f1689d6b2f67b2f5c614d73e319c73019c647ce2895ef4ddcac2e368b8c191056ea3b46d321b282b4fe50cf514e87867874ed96a377f8ad7e5dc078bacb78dadbe85973c76d0bb7eef58f7c773ecaeff00af7e8458dee8479161dcff00b3553b94a144d68ac53bfba5827f6a5ea0ac754ec8b6278dda1129205d363d731ddfd9ae471a341e36bb63cbb07bf66aa8035a0718a07e13c17de97a85e76a7645b11c66d06a1bde13ee2cbbfb35838bda0cee2f28f7766efec55501b9c576138a0feea6116d397e5f409636a762d78e2de821d6f283fe6ddfd9ad0e2ee823d6eedfc5a77f66aa82c84a7249a016a1cbd6a2f0a611fdb97e5f409e3a6ba16d1ce33f0fd23fdfb8c00ff9a73f668849e3970f10939bd30af30dbbfb35522620b8091d2916432e241c12056887843072dea4bf2fa196a714a90d144b80e7a436846861abcb281e51decffb34495c7bd14e924df527fd1defd9aa70fb85b27228012143a015b17833076d6a4bf2fa191718add522e81e3ae8909cfdda071e11ddfd9a26f71ef43a4e0de48ff4677f66aa1096b29c1a054f9ef3b79545e0dc12fb7218b8b54ec8b72bf482d0a93937a5271ff4574ff36abf71eef71f5d6b544cb33c97a33905a4a1c5029c8f6f3b100f79a8e9f254bebb52dbe8e776dea4aca79624607071bf264fd26bc3f8b38161b8460e156849de52b6bf2b9f53fecfeb4b88716c935a28b7ff003d4074b682993e736c0581216395909200e6e83aec0671518714ee33dad737661e98f48723ad11cadd714b384368481927a00303c85581d272db8d750ea9612b424ab98ec0103355c7899390eebabd2ca1b5e249054a5127a015f26c349ba9a9f61f17c2951852a6968bf51aaece788214b5ab3d72a34514e9c9dd7fc634339250a24f62d63de682f586ff00c133f3ff004d74eecf93325e9b9549248c8cd6c1c1c7d743dc9a2dcd5a47e22c83f57eaa07bcd7dca94af63c1cb700b9ac96a379acff00b34ede1aa41bc2cf78649f9c814d2b8a4a9860e764acfd54ebe1c128ba2d5e2d7eb15ed305ff00c39aff009d0c12bf36249e882c1393ce7f8468bbed32852b9720f8126845ce0850095255e3bf4a2ae2ca82890093e07bab34135b9ba4d5c311a3b4ea0653bf913461e8ad36d74dbbb268a45f65049200f7d0cfbcdb8850e6cfc2a6ad95a586f6aa3c9657f71d462a1aba0e6906a62d48336690064d44971412b271b57a4e1cbf76d7c4e555796aaf909bd9e3dd47adc4257be40cf5a21ed0574a311dc52542baae37562e77cbb9742cdc4cd37aff00815a7b4c31afc70eaf76b432dbfda76ad87436140e14d91942b9b9b63d73914c1d63a59a91646a3a38e3075321d94c32b81224c8ecc254b00baae7591cadfca3eedaa026de2a4a4655f3d1a4b8ac6cacf8d78fa3e1b586ab2a946ad93966b38c25beba36ae8654c7ba9151a91bd95b76bf25a1755ee3370ef85d68d35a374dea892cdae1253365ddecb17d65721d0acf66ac8c7e10e54bdbe4f2a46288ebcbf70df5ceb5d1bc4cb06a4b7c0b944ba47fba7066a8477dc652e04974b6adf9d1e39dd273dd54f39d44e79f73df5a0e2924fb59ac31f08d2a7539f4ebc94da6a4ec9e6bef7d0b97169ca2a0e11b2b596bd0bb7c56f482d1d0389ada1c9f79bcd9df8b1d3eb7a5b513919a8bedac385486ce1c563955e381f0a746aee2cd86671ef869359d49a7e4e9886c4c41b8b77142dd69d5b0410f927d849094633d4939c1af3f90e67c8d1a0e85200c67c73488f82b0d4f2e49bba8b8bf8dfaf4b5bb2d197538dd6774e2b7bfc8bcd71f484d1acf1ba55b6e37abf2a0393db53178b66a1526d6cb65b414a56d20f294a5614147a7b5bf434dae3afa40df34371f62ea2d313ed332dcd426e3a45b66264353d90a2a52247213cab4a94427f24608382455456dcdd3e02874a901591e3d714ec2f83f0786ab09c9e64a395a7addbebf031d7e3988a90c96b6b74d7e85e4d4fc4ee1e70c748bdc4ed0b6fb57dfc6a76d940842636e2adca75056e28b493946e3da000e638070320d37bc5fa76a2ba4bb95ce53d3ae12dd2f3f25e5732dc59ea4ff00eb6e949c871be5270326b8ed078d77f83706a5c2f349c9ce72fb4f7515b46fd91c5c763e78ecb171ca9745dfb8639fc2ba0e64500956de15b0af0af51b1c7700c857851f62dd0aef1dc8f2dc534bd8b642329073be7e19a4d49db7a150eedd697520aac32cb615ed45de3a315ed9c1a5c88e508d6b0e131cc795a7d2e6de7807028291c072cba54bd556d5b649c2d09564fc339a2897881d4d77eb1d32a57cf5c98f0e85393707a31f2c6e2dab29af446d3c28b64051549bd89080411d8b5827cb24ed471c2d85723090865002503c07752ee87d3d07502df3705dc56ca1270d5adb0e3ea560e300ed8db24f803499a96c2fe98bbb905e5159e443895a9212a285a42d20a4745608c8a0a18ac379a9e0e0ff0078926fe45d6c2e325868e2abcaf16ec82f18fe1c7e8aff00d85573daf5141455e1fce7f155fec2ab80e13d6babbcd9cc71f61022d679ab85281ef39ae09ebf456b38147605215b4b3806a9b30f198c8fe58a7271e413c07d4c47e2ce8c7f9629aba5f7d536623ffd6b3fed8a76f1e1247037570ffa5c63ff00cc15f1cf1caffaba3f27fa9eebc3feec97c45ae1b39dafa345a09ea2237f43a693ed2e725b9bf250ff006cd0dc2d70ff006325b958ce23247cce9a4bb6c93ea2da71b150ff0068d7cb6afbecf572dd95738b8f463c52d481debeb64fd029addbdb01dd4907c0834adc6878b5c53d4671d647f3453217341fc4c9ac127a9dca51f657c871a655b46c0a3e3427ac5b06e5e424f928d357d6927aa081e46b5dab4e6dca734a6c764172ff003a3fa8a531dfe7529446c7bb14d9ce7df461c0531b1f9f9fa28bd225ab191d8cacad8deb00aa483bd8d5656565110cae93e35801cd75ca69f0455d1db5d47bead6f0393c9e8dd3cf7af5311f3466fedaaaad27356bf8308e4f46acfe5ea97fe88ccd7ade00afc4b0ebff00347038c3ff00a2abf2675ce47cf5817e35c94ec0781acc57e9f5667c6dd830c903727ad29c1bb2622be485522a460e6b44ee71489c54d922dc5dd0b52eea892a59c72e77da808f202dd4e092478d257b44e33476dc9576e9eea4ce9a482726e49b1cac007977d8d5aad51a834970fb857c3cd2ba8acd3af6eae22af4eb56fb9088943aea8e3b42012ad8918c8c72f9d5546544637a34870951e635e3b89f0d8f119535395a316dd969776b2d7a5bf33d4607192c2466e0b57d4ba9c3dd5371e245835deb26b4cb7747a6331f4f42b1b137b1c4546eb05d242ba2f25437c818da9bda5347b3178c3a545c344a74545b73722eefa577654cedd0d2472f55108c2b0078e4d5534beb424250a200f0562b62529b2495a8ed8ea7a5796feec494ea3a35128cb44bdaba56b2fb493f43b3fb5d4a30538eabe2be85ce81aead9aa387d72e29add65ad4b6fb5cbb2ad092065c7163b0700eec21de9e055e14d0e1770c26f036fd71d67a85513ee55aad0b7e04d664256cca7dc472b686fbc9009076db2319deaabbfaa53112509055939383b5263fad65b884b69242507d9492481ee1dd5a28f85b114e13a546b5a13d1dd6b96db2d7e2fd45d5e3b424d4a70d57ea5ea89a5a7c7e0d68db58d112b589981cbccf31ee9ea6597dd391cc410547955d3ca91741695ba47b4715ae365d3522dd775c74d8e1da7d73d65d616a482f1ed16adf00f375c0e954aceb7baa47efeb4fb94682fbf3baa5242652d19393caa2326971f07e262a4955576efb3ef7d7dab74b688a978868bb3c8f4f8ffb166342f03a644d52bfbf888bd3f60b53027dc1d92b49cb39c2503949c959181df804e2a50e274d87c4ce11de976dbf40bba22dfe22a325861c8cd4165690cb6d617bf2a4124a8789aa2abd6376585054a5a82b190a5139c74cf8e2866b5adc928282f28a15f29249c2bde3beb7e2bc378bc5568626ad759a0d5924edf1d2fd7e7d8452e3786a5095254dda57beba971740f0fef1c0a8fad3515fe286263300dbecee36a0a4cc90f6c0b3debc6dbe3bcd3b786b6fb1f065ab2585dd4b6eb66b299322c8bb4775b71c74b6482d444a92309ce53cc4f79aa3a9e204d7fb34bcebce86ff007be6794423f4413b7c296216aa339ded16b5f6e4825c5384ab3e39eb9ae762bc338ac4e7788abef6f65db48eede9d5fc4d5478d61a1955286ddfe3b96e74fdba1f0c750718f55cf84e3f12df21cb6b0ca15d9a9d53ebc90956fca70b1bf705134dfd7371b1e9bf4768a6c1667ac5f7db7007b09128c8716cb1d545440d8909f9eabf1ba3f29b5a5c92f2d2b573292b754a0a578904ee7ccd0c113ae4ca1081264b4c8c25039969403e03a0f8567fd8ae9548d5af56f95c6fd1351564b7b7bdadcd5fb454e2e14e3dff003dc9df824eda3427097576abbf44912625c5c459988f1cf22df072a5a02bb81db98f80a55d7b6d62ff00c4fe1cbb32501c35ba760bb746480d448d8c73b2523039b980c93be1477daaba154d52111097ca52ac88e54ac057884771d8ef8ae9f6ae2ec66d97cca119b39434e957224e7b81d81a5cf84e7c4cf132aab34eff00826ada6bbaee3238c51a2a9e4d16e59d810f88278eb26f57b54fd3fa52cf296b53efa94cc1661a0610da06c9502903600e49a6c706f51a95aef881aca3bd263e96b4312ee6dc24b8a4b1cee1296414038ce013eec542571bcdde6466e14cb84e94c360766c48796b40f0c249f9a894597363c6931197df4b32301e610b504b98ee5247cac79f4a187066e9ca33946ed28e8acb2a7abebabef70a58db49654ec9bebd7b131f076c92355ccfbf7d79762ed96d4e94c4fbb72d65891315ed06815670804732b00ec07c3af4a04cabd69ce1fdf264f897596f44951df9b6f51530eac3a14790903291cc00d874a86a4dde6186cc17a5bca618512dc55384a5b51ea424f427dd4524ea2932e2b109d96ebb123731658538a2868ab756139c0f3c56ca7c2aa47194f179d250d1452d146dfaf56c5cb171e4ba0e3abddf5b88ea8e49a0cc4c78d1f72534de39d6919f135c7dd18c36e649f3cd7aacce28e3257d82623a8a7a62b92d949dd3f1a5012d97120a54823c4285725f68e7db411fa42a9cba0c51b8490de4e706bb2d93bd1969c6f729527a6700e4e3c7dd42f30eec1dc8d883b8a5b93437209ae32a29d926893acb83f14d2fa4a1cc9002b1e0735cabb323a7cfb552991d3b8d879a7b970941a4f7a3be411d9ab7f2a7b18e951042720f8506b610074f3a64711614f0f723c950544fb4d287c289188927e4e3df522bb090f12138f3cf7523dc34fb9852938ad50c5f4665960edaa1a0a8a3076a212016ce3029c13603b14e1631e4691a73431cde35be9d4cdaa324a0d098e28955391f404ce53607ef7d98f99093fae9bdd829c792db63994b3ca067bced4ea948e7bddc569c14090e04e3bc05103e802be4dfda2d5ffa7a14fe2dfe48fb97f65345cb8856aafecc7f57fec0121d223cbe53c84b0b4e7dfc83f5d435aaa7aded5b7765129095fadb891cdc806c48c6e3caa67968421014b6f98171a680f7b80ff32ab96a69aabbdf674be44b65d7d6a213d0fb477af8ae152bb3e91e30ab79c22bbbfd0117707d0b52172528583823d807fd9ada673aa0712ca867a829fd9a492a5e402798d3bb4dc506d892a1d5448dab4cae8f99927eab80e43d43714f62be54c97120849c7ca348a1b59dca15d7bd26ac96a4d25015799c54cacb8a7544e5c38df7e9f1a6acdd2d0504808c7f08d7bd871c9c1259168711e0136de62119813eafba802dbbba49df70474a7168398dc7baa12e67f0a39011d01a1759da1d4c6098f1410e2dbe50db595a95cc075032682d31a56eabbac60ab6ce48ed327315cdbe8afa8787b89471b84a99ed1b3eebb1e7b1b87742ac72dd92998e9dc210139eaaa26a8f9528214158ea7a8a5176d17371a20c19783e0c2f3f5500ab35d529c260cb09f28cbfb2b742ac1fda5eabea32507d82f14727b0a50249eea36b8e971b3820789a2ec596e8e3a48812c11dfeacbfb28e26cd76e52910a51f1fdcebfb299cca7f797aafa82a32fbac44ba5b552a13cca1c009e855d2a2cbdda1eb7acb6e14a88ef4d4c92acd776597142dd2d640271eacbdfe8a8db505a6fd3df595daa68c6d8111cfd9aebf0fc4c63269c95be6bea733170d53caeff2180ea70a3b563430aa5899a76e8cfb4bb74b4e3f2a3ac7eaa282db381de2484ff9857d95e839f45fdb5ea29424d7ff00d34db9cb8de8c07c91b50ac5927ad01421c820f7f60afb28c22c33c758b207f9857d955cfa7f797a99670b6ebf5fa0592e1c56c3bbf4347458a70ff8b3ff00f72afb2bafb8d37be3bc0ff8a57d955cfa6fed2f533b87c3f509a5d20f4a1db74e0668c26cf2bbda701efcb67eca17ee33f8cf2a80f34e2839d1fbc85496bb7ea0297c27c68644bd87534226d4ee7bfa7850a9b53db0d8fbaab9b17d4cd24baffefe871eb59f115d09236eb43a6cee672734226d2e6774d1a9bb68676a2ba0126481dd42092848e868616a58ea919f334226d83c01f8d1a94d19db801a6524f5aedb7d27a66864dad59db6f71068516b59d86fe59028d4aa19dca9f701ed4288eb5df6a3c0d1816b771b003e39a105a5edb22adca4f742af0ee0f62d4970d3d3532adb2df83251f21f8eb285a3dca1b8ad5c2eafdd663d26538e4890e9e65bcea8a96a3e249dff00fc5728b448fc549f9a8416a929df97e8acea108d475145667d7a85cd838a839e9d801859e73b74493f47f4d73dba7c3e8a3ed5bdf4294794a8721ce074a03ee73e9013c87236e946a52ccc549d1cab5002ac8cf29acc123e4abe6a3498afa31ccd95790068c216e35c988cb38db1bd47395b443611c3c96b3b1ce9507efaacfb14e26347247e78a7971dd20f04b598072132239f99d148164967eee5b42982806535ed787b429e5c6784c9e116bd4485f6686fb35e41fc60e0c0f9f15f1ff1b4dbc4d06fb3fd4f6bc16308a7ca966570a709f7f45f859ebd8ffe31a6fdbe5a421b681f68107f944d3bf8636d76dfe8d76f6dde52a5c143e397a72adce61f1c1a8f187f3795e080909046df9d5f2ea92f6d9e8a5bb2b471b0f3713b501ff9ff00e6a698469fbc6af6b8997d3ff3c3fd914c650f6ab048f414dfb11404ae95d3232b4fbc575c99eb5db0cf33eda46e4a801f3d2b71c9a40b2918607e9513e5f3a5cbadb57121254a1b15e067e348fc9f0aa69dc18c958093d6badbbabbeceb3b303bf152ccb6d303c5672e285eceb6118151264724063ad0846c2b7c98dc75aec24f853e3702e6343baada7085a57f63442481953baa65600f28cc5552659248daae37072dd2e47a3958da8519f92f9d47357c91d9538ae5ec99495109076f3af55c0a5978961dbd3da47138aacf85a915d504dbb248707c94e7f480a193a625ac64a5b1fe7134ee4694b913bc0b964f85a5e3faa854e95bb7e2daee6bff00b25ffd9afbf7ed16bed23e67e493d75f47f418ee69e92de524a011f9c28baed0fa0e000af71a90869cbeb6ac8b0dd143c45b1e19fe4d6cda2fe91ff06eecaffb3de1fcdaafda5de4bd4af2696cdfa3fa11c2ed72127f7b57c0519891d71d414a4a87f04d3fbee56a03b7dec5dffd41efd9a1dbd3da85c1b698ba9f7c1747f36825c4616b5d7aa0a382bbddfa3fa0cc6e58e6f92bf824d0beb6907e4aff008a69ea8d3ba8d03034bdd0ff00a139fb35afbdfd499df4bdd87fa0b9fb3591e3e93fb4bd51a961a4bbfa319bf74790642567f826894eb83ae8296db7467c126a405d875081ff00062edfea2e7d95a364d42107fdccddc1f282e7d954b1d4a2ef78faafa91e1e7256bbf47f422871a79c39ec9c3ef41ac442794a04b6bfe29a959566bf8393a6af23fecf70feaac4da2f23e569fba81fe40e7d95a171286eadeabea23c85f76fd1fd08d5ab70e6c3a36f306bb36e473610952cfe81a923ee4dd79b7b15d47fa039f6575ea1714f5b35d07fa03bf654fda4bbaf5417905ff1323176d8b6c64a48f2c515721941dcedeea96150a767fde9b97bbd49cfb282ece524ef6cb88ff4273eca9fb4915fb3977fc99128400ace4e68dc296a8ce058c9c1e9528a53273fdc1711fe84e7d94306df56dea33fe311c1faaa4b88c5ab35f99170e7be6fc98ce89a8d00252a0413e556cb42ea1b670bf80d6691335648d1d71d5335739a9b121aa43ca8ed612138491ca0ec727c71e3501223c81ff16949f00632feca50b9ddeed788f0d99f22e12db84cf61183ed2c865bcfc94edec8f2af2bc5a94788e4a57b453bbdb5b74d9adf5d8f438072c2b94ed776b2d0b2fa3f89960d63a92e3ae1955c645b348593d47eeb3b1019b3653aa03b4ec93d54067009e869a68d5eef1335369ed22c6aed59766ae735026c5bfdb5311bec11eda8e52727e49dba6e3351169dd7ba9f48b0eb166bcdd2d0d3abed16887ced852b18c9c0dce28d49e2aeb1973d89923545ddd9ac21c69979c5aca9b42f1ce9048db98000d7937c1a50ab274a49c6d68de5aad34bacbdddf4b1dd58fcd04a6b5eba6ff99659d9da5f5cdea2f15e37628b7e961718f31071ed98e4fab2b1e61608f781dd51c49bc3ba1b49e899769b8b163baeb12edcee7aa1c86a92b692a5652ca3095100648200c922a1b87a9ee56cb1ccb3c4b9488f6c9bca6544424869f23a73271bf4f3a59d39c5bd55a4ada205a351cd810f25498ed24f220939253ecfb393e154b8357a316a135349e89bd1c6cec9e9d1bbf676572de3e137ac6cdefb6e4d4bd2ef5c38c9a51ed5370b3dd57a7accbbecfb9c584b8eebec8c968c84ab6273b8d86dd690ac49d216bd3dc42e295a6f522f932705c18ff742da98c86a4c950e50d8e657372823b86c9f3a889ee235e94bbc29dbe4a75cbbb4189ee3a82b5c96c6708528a7246e761814457ac5e5e9b6ec0b9a0d99123d6d30447fc1f6c7f1c8e51938c77d3a3c27156caeafdd565a26af99e96efb59a403c651cda43bbe9bfa925f16787e8bd6a9e1cf0b2d894172df11912d6d36399c79f214eb8543720201dcf8d4892deb05b656bbd55f746d9a7e025c634b5867b96f4ca434a653975c0d0490b515850c9fc9cf95429fd7df567dca16f56a89498fd97620f65873b3c6397b408e7c7c68bd838db7bd2d6562d16dbc370edcc1516a3882850492724ee83be73f3d2aaf0bc755a50a77568dd6ef5bbbb7b6eec83862b0d1939757f2eda75e84b1ac34437af2f7c26b638605e5339f76e12751b30db84b931918529b2c240212319cabaf8532f44448dabb8f1ac75f4f831dbd2d606a44c4464b094b386d25b611ca072f31c671be4d335ee2b5c66ea789a8245f1e7af51400c4d52559653d395239700788c60d19d4fc62b8eafb77a85daec87ade5c0eaa3330d2cb6e2c1c82b4a1039c8233ed67ce9f4f87e36953e56f78b8df5d2eeef4b6ef65d8a96230b5259fb3bf4ed6ee4a2be1dc5d45c28fbce54361ad7d3a07df58752da52a4bae3f9ecb20640e438e5e98076da93f56596c160b8eadbdaad11ee368e1f5b22da62c0e4e56a64d50f6dc7b18e74a54a19cf8530071825b7ac46aa175426fc1b0c89623e30809e509e409c600eec507a738bae699b9dce640b8361db9294a9c97e376adc92545479d0a4907726930e1b8e82f7af7d6d77bb7afe16d10ef33426d5d24ff000fc070eb1b8dd6e5c1a9d7bbd46d197561c7586a24cb294c79105e560f67ca86f0bd8ee92adb949ced489c08660c3b26b1d6d77871e6c0b1dbca23b32d01c6dc94e9c36920ec48c0f9e8aeade290d730d885769ac2edecacb8d428f1030ca144639b9109033827739eb4774a71651a46c0f5a2de2dabb73cf76ee312ade1f0b58000279927380063c2b5f97c4c3073a2a1aca57d2fa46faabebf213cca73aea6e5a256bfc47826c31b8abc33b15ca458edd69bfdc6faddba1bd6c8deae253247e114500e1413b9cf952cf106e3a6f4fdc2e68b22f873ea90014220cc80a76638b4270a4e4000a8a81daa3b471a658d4b02f8e4f8efccb7b6a6e1b6b88433192a041e46d294a53b13d0503a838bb0b515b25c29712c6c093fbe3f1ed7d93c0e7248581919ef3e75cc781c5f362a57c9ad926ecaef6dafb235bc451caf559875f0f6cd6eb8696831ad168d3f3759a9f71eba5a351c7536f48694a2a4a629384a13ca4e31e029bfa2741c5d61aab505f5eb0cbb7e96b4bab71db53214fbaa701da224a46544aba91d13efa117e9081b763cb70da1cbc466432cde1db7f3cb4240c0c2fc71df8a4197c6061766816f8b7d76d312115b805b1e7995bce2ce56e3aa07996b27bcedd76a7470f8fbd454d59cbaddbb7d576ec53ab87f6549dec71e91fa3add67d62d26db6c6ad91e4dba3caf556d2521b529242c60f7e4557cb9452c95a79454b1c54e2bb3ad9cb6490b7a4cb87151082d09504b88492799657b95124ef9a8faf2c89410fb68e40e0cfc6bda707e750c34215deb63ce63d42755ba620596273de2de40c9121b57cca04fd54b11991ca56318528ab7f0cd27da94634e4b8a3fbca16e8f3294134aa5c6e3c36f0a4e0a4006be67fda0d5752bd182e89fe6cfb67f65d154a189aaf7765fafd402629b621a16bdf95c53dbf8368247d2a355e516576e252e34d3a3b45e02969c24927c7e7a9a356bc58b04c2dbbcc96edeea92a27a9717ca9c7c31f354476cd5170b6c730d4d352621573165d4fb39efc104115f31a30928b68ef78a716ab57843b27fadbff4215c2dab813cb2e14923009076a94348e819379b2b7219be5aedadf3148666c9436e7bf04e70690ecba1af1c4ebea9ab0da4adf6a3a9f71b6ca9484b6804a94547dd81de4ec3269ef0ed3a92044663b28bc43434809ec5b69d4849c78636352a545649b3c459b7a16275bca90ddf24b61c506d2af641036c81f1a68bf1952144951dfce9e7c4764b77d7c86c80a4a0f3673be37a69252a037041ebbd75e5a0957b0c646b291a5af30a608cdce36d9a87d087145017caad9248e82a6ed2fe97b76b94e4b674bc24fb2545426387f5541e888c49d6f163ca650f475cd6d2e36b190a4971208fa6ad169de176936240522c10919491909574f0eb5ebb86d6e1d4a8b58ba4e52e8ee717172af1a9174e565f23947a545c93d34ec2563fe96e7d95da7d2c2e6807fdccc4ff005b73eca7531c36d2e31fda287e7ec9fb6845f0db4b677b1c4e9e0afb6ba7e6783ffa77eafea21cf117f797a0d967d2bae4e2093a6a18ff004a73ecaeff00b29ee2067ef761fc2539f65395ae1b695c6d62863f82afb685570df4b91836488479255f6d0f98e0ff00c07eafea4e6623ef2f41973fd2da7c48ee3aad391308ff00a539f6532a47a724d4a8a4e95859f29ce7d952ccfe16692723b815608cacef83cd8ff6a9bcf706f43af3cda62dfbfe62bedad14b17c0a2bf798693fc5fd4c95a78c6ef4ea25f811b4ff4d89925920e958791d3f7639f65239f4cf92090749304f8a662bf66a527381ba11c249d33087bb9ff006a93dde03e88ed76d331003fa7fb55a7cef871ef8697abfa895571eb7a9f90dfb6fa72b91e2a5274734481d7d78eff00c8a388f4ed706e346347fd3cfec53818e04e84094e74cc3cf995fed51a47027421eba621e3debfdaa078cf0dff00a697abfa812a98fbe953f21bcdfa78b8300e896be170ff00f7746dbf4f429eba1d27fed1ff00f774b43813a089ff008330fe05cfdaae8f023419c0fbdb8a3f86e7ed5579bf0d3df0d2fe67f50399c456d517a096dfa7be319d0a823feb01ff00954799f4f9608df4124fbae291ff008346d3c03d02467ef6e36fe0e39fb55bfeb09a013b1d3ed01fe3dc1fceaa78bf0cff00a79ff37ffb0129f127b545e8699f4f9b78f97c3e39f2b8b67ff0a8f33e9ed63511cfc3cf9a7347ff0006898e01f0f4ff00c8a81ee94e7ed5769f47de1e9dbee4003ca6383f9d42b15e187fe4d45f8bfea033714fe247d3fd8554fa7869a27dbe1d950ff2b60fd6d50e9f4e6d12e0fc270e0f2f8154657d68a494fa3a70f5c3ecda5d1ee9eefed50dfd8d1a0163fded97f09eefed512c4785ff0087517e2ffa8537c56f7cd0fe55f4165bf4dde1cb83f0bc36cff9a867f9b4611e997c2573f7ee18a8fba04157eba411e8c7c3f3ff0010980f94f77eda1d3e8b5a0cf48d7048f29cafb298eb785dff00157e2ffa84caa7165d61fca85c1e97dc1673e5f0c179ff00aaa01fe75196fd2c7816e8c2f86ab4f9fdc985fa954de4fa2968352b3cb744f909a7f66844fa2668551c072ee91e5307ec5567f0cada7597e2fea2dd6e2afa43d10e86bd277800e0f6f87452afceb4c5fdba147a44fa3b39bab40f2f8ff6a99fd4ba6a9f446d10bc012af491fe548ffcbacfec3dd1646d3ef43fd21bff00caabcde1d7b56adeacae6f14eb0a6ff043b0f1f3d1b9d239f420ff00e0e83f52eb91c6cf4637490ad13cb9ebfda63fa974d91e877a3b6e5b9de53fe79aff00cbac3e871a4d58e5bc5e51e656d9c7f22aefe1ee989aebff00b98a75f892ff002a9fa2176e5c50f46494c3498da4c32a2fb45c51b4b89c36160aba2bc3eba5146bdf4547802ad369413b9fed63e31f31a6449f43cd3b1a65bd966fd761eb6ff62b514b4795210b709f923f228d9f42bb10d86a9ba8ff0030d1c552fd857d31b5d7e2fe854ab711697fd3d27f343bc6acf4515eff0071d08ff41923f5d6cea2f44f737fb9a84ffa2ca1fae994e7a15d9c7c9d59721ef86d1fe75067d0aed647fc2fb87fa8b5fb54e53e0ab6e215d7e2fe867cf8d7be0e97a2fa8efb9ddbd17de82fa6d109bfbaaa491107632524bd8f63a9c75c5562e334532784dafdb51c1e46d649ef21c04d4ccffa1fc0d3e837646aa9afaa062506950db4873937e5279bbf1511f18494f0e75ee318f57ce3e22bce7149e133c1617113aabae76ddbe4757052aaf5ab4a34dffe2ac16e12a5dfec6b821e2a52bd44105473ecf6becfd151507fb3d42e23c1bfd753270cd9e5f475819ffdd2d1c1f783faeab7eb5d55f7ab717e71407483ca9413f28f70af3ade6933aa9394ac437c5573d6b8837c5f5fdd047cc00fd54d4e43e14ad7a9afdf2e72ae0f21297a4baa71411d013bedff00aeea2698ae286c9a4b8ea76e324a29760a721f0aeda0a4b8143a839147916f7947e4e68516a907708fa687294e68ea64a727406db7145452bdb23144510c78d29b56b79470b181efcd0c2d6b4771551655703389edc0e7f0a105b3f47e6a3e980b3f24289f219a30c5ae52fe4b2e287920d5d9179c4afb9a07409fe2d61b7ed9e51fc5a5f4d92672ff00713e3cfb335dfdc49676115ffe21ab4a370738d6542e457c9cfbe844c5dc7e0d3f35391760978fee5741f36cd1676cf31a23319e00f4fc19a3596e0b9361087092b7123912093e15e827a23f1797c02e10d9af8d5a117832a6dc62760a7cb38ca985736794f4e43f3d50f62df29241ec5c07f40f5af423d0ff0087f68d7dc26b1dbf50c13322b4e5ce4a105c53642fb66500e46e76276ad34a5868e229bc547353bea976fc8cb8875a3466e83b4ada325b57f5446704e53a1d8c7fd66b38fe45027faa2773574d17140f3b939fb34e21e8dfc3c6c6da7c63ce4bbfb55c7f63970f013fee793feb0e7db5eb9623c276ff00e34fd5ff0051e4dd5e397ff197a2fa0db57f5442ec46da3218cfff00b49dfd9a0fff00e21d79dc0d1d0b3ff58bc7f9b4e757a3af0fc0db4fb7e5f87733f5d627d1ef40b7d34fb59f12f2cfebabf33e15e98597abfeb2b3f1cfe3af45f41acafea865e547fe0741f3cdc5efb28257f5436f4361a3a07ff107feca780e00e8200ffb9f68ff009d5fdb5d23803a008c1d3b1d43cd6b3faea9e2bc2fd30b3f57fd41467c6efad75e8be83287f542ef44ff00c0eb7e3feb17fecac3fd50abd1c93a3e07ff00107e9f03807a05236d3917f8cbfb6b0701f420e9a723fc16b1fae83cd785ff00d2cbd5ff0050ccfc67fd42f4ff0061988fea825e5780747dbffd7dfcfd547d9f4f0babc8c8d21149f29ef7d94e84f03b44a47b361693ee757f6d72be05687583cf634287f8f77f6a96f15e197a2c3497e2fea363578b2779564ff0109bf4e2bb389f6b47c54ffda0efecd088f4e09847b5a5628ffb497fb34a0be01e823ffb3cd93e3dbbbfb55a3c01d067ff0067daf8bce1fd741cff000dbd3912fcff00a862afc557f98826af4df909193a5639f75c95fb141ff671b877fbd2647fda47f628ff00f63fe823d74fb7f079cfb6b93e8fba048c7defb7ff007ee7db54aaf86bad097aff00b97e678aff00117a044fa739077d26de7feb1ffecacfece941ff00d9304f95cbff00ddd1a73d1eb411ff00d9f41f74877f6ab91e8f3c3f231f7036ff002b787f3aaf9be19fe0cfd5ff00513ccf15fbf1f40aff00674a49ff008203ff00887ffbbae55e9d6c83be9239f13711ff00974a517d1ff87f15d0b4e9e42ba8e57243ab4fcc558ac5fa3af0fa62f98d8bb327b9a90e207d0aa9cef0d5ff00c095be6ffa8b55f8ae5bf315fe4106fd399871581a40abdd711ff9746d3e9b51c804e8f5fb85c13ff974611e8e3a0983f83b43c9ff004c73f6a853e8fba2b18fb9af81fe56e7db4b954f0dbda8cfd5ff0050e55b89ad6528dfe4123e9b7073ed68c7c9ff002e41fadaac1e9af6859f6f45c81e27d71b3ff854657e8f7a2943681207ba5ae8b2fd1d74729479624a4fba5aaab378737509afc5fd4bf31c47ab8fa2fa1d1f4ceb0e3dad1b237f192d1ffc3a0d5e98fa5dc3ed68d919ff0018c9fe6d69cf472d1a7186e7276df128fd940b9e8d9a3ba8171f1c7ad7ff006d1e7f0f5b453f57f50962788ad2f1f4043e97fa3d5f2f454af87ab9fd541afd2e343abf7cd172b7ebf828c6b52bd1c747c85732533d8036e56e56df4a4d1573d1ab486df85b9e3fca47ec544fc3b6bbe67ab0bccf10beae3e80abf4b6e1ff004fbc995f08b10febae3fb2b3872f7cad15281efcc289f6d00af46bd220ecf5d07bdf4fec506e7a356943d255d07976e8fd8a2bf877bd4fe665799c7f78fa067fb27f8627e5e8b7f1ddfdaf887f9d5cabd25f856e0df45be3fecd89fb5441cf46ad2a3a4cb98ff3c83fcca017e8d3a648c89d7207fc623f62affec0d594ea7ab0962b1fd544533e913c2574ff00c0f709f3b646fdaae4f1fb844a1ed69258f2fb94c1fa8d251f468d3c3a5cae293fa68fd9a2cf7a34d806e2ed714fbc20feaabffb0ff167eafe812c5639bd6311617c72e0d2fe569850f3fb92dfea35c1e31f04def97a6be7b40fd4aa4073d19ec8ae9789e3fcd37402bd19ad23fe5c999f3611f6d525c0fa579afc65f40bcce2ff00871f41c2be2b7035c1be9f4247fd507f6a823c47e05ba7fde4687bed4e0fa8d36dcf465b6f2ed7d979ff00276feda2caf46683d137f91f18c8fb68d2e0ff006715517e2fe85798c53ff2e3e83a17ae7810ff005b4c7483f956d7beda22fde7d1f656ce5b210f3f527d27e834da91e8d715033f7c4e8f23173fcea4f5fa38324e13a8f7fce887f6a8d7ecafb38da8bf17f40bcc621ef4623d168f47e98a485222b6aee38948c563fa638113423139a0948d8095252053393e8e1218c14ea1608f0319433f1e6a15ce05ce42795bbb4550f36d740de0e0d3a78fa9ea3e35a725edd2439ecfa178491ee697f4c486a6ddda4a8868c971d1c8414a894a86318246fe34ddd69e8fd6abe2d52ec6b4d9a703ce5ae5e68ce1f34fe27bc6d9eea5ee1f70d1ed1972993654a624ade64348ec8286073027afb853e1a5fe1397ae4f4af25c57256ad6e63a896cdeacea60b175b0935528fb0ef7d3628471af4edd34f1b8db26c2720bcf3ed36ca1c180a65b4e72823650cf2ee3bf6daa28b2595a339b33c3ca6127da4324052867719eeab73e988c29d674cbf82476d29be6f0d90aaae111801632804f9d79c97b09a47a2a989a98b92ab5372c2f0c78c5a43495a116db6e8c8315071daad4eba5c7943a29c5fe31fa3caa518bc7cb21647fb9eb78c6d8edd5e1e7552eded67e4ec7bf0714ae88f948d8fcf5c3ab41395d9a615b22b345a2d5cf458f72ece425be6291f2f62706a3dd4afc471796795bc6c714adc76b45c24df233b6f8ce3fc81c42ca158c1e6daa279d16fa9492eb2e2074c115ebb977d4e24aaa4ed712e73898fabda752a1ca89085e7dcb49fd5571ac072e277cd52e7ad339c9cdbc5a7578054b572f9e7f555ccd34acfab9ce7290491df900febadf4d5958e7d779acd0ef686687c0575a05aa193d29e219b000e9595959557042d2ff007b57ba91def954b130fe057e38a4570eff000a1152dce31bd68f51df5d641f1cd06f3e9686e327ba84005040efc56952db687b47e6a2414f49384829068cb3692ac768e6dde0553d0870edd8247b29c7bcd17fba325d386c28f92134b6c5b2335d1b048ef56f47db525b1848c52db20d6f55b9c8e8cba47764e2854e9bbb3ff8ada3f4dccfd54e96d608de8c34e0da81b20d3468bb92f75391c1fd2343a342dcdce8fc7f1dcaa9dedbb83465b7c1f2a1b957194741de47c87a31f72d43f556fef4b51c71f8301647e43f4ff69dc51c6dee99352e03646c94eabb76ea664948f20ba118d757082409b0b27bf29283527a1cc91432988f253875a6dc07af30cd4b80ddf71956ce205b252821d52a32cff84194fce29d5124b725b0b65c438923394a8114567f0f2cd734a8f601859fc66f6a6d48e1ddd2c4e17ed3316307e424ec4798ab05a4c7e24e48a308390698b6ad6b222be22dea318eef40f207b27de3ba9ed1df6df682db505b6add2a0720d58b9268368ea28748efa01046450c93d7271577037017d3da5fad281bf66243eaf20101bfadda5424ef9eb48f6459b8dc275c060b28c418eaea1c095153ab1e239f9519ef2d2fbb14abcd81838cf4daa265bdceb39ad502a51c9dcd6051c8dcd59412d51be9bba0f18cbfaaa8bf1be4063406b8076e76109f9d4055e7d4849d3d7209dcfabb981e3ec9aa2fc67d2f75bf68ebcdba332f7ae4fecc0086d4a270b040dbc718a25b971576ac1de1dbc3fb1de0e140253686f73d3a0fb0d52ad7b765ea5bfbdd99cc56165283f947bcd591d1f68e295bf428d2b2ac80591719510ad967f7584ee79492a0138dfda201c0a40b77a343eb9e860d82f01949c2fb573915e60282719f0ce6979e299d4a786aab5b15acc0d80e5268766dbb0f64d5a46bd162e173ba7aadb74c5dbc9729f425b2092373b1cec7a01d2a57d33fd4fe7e5b31cdd3b2616afdf443b834b50f702703cf24d2e7888a1eb0f55f4288a6daa48042491eea55b6692b95d8e22c179df309dabd3bb6fa1670f2c3012db56c726cb6d00ade7a6a5c2f1fcd3f2123c7193eea745bbd1c74847b7b9eb5600d3aa03b2499c309fce2947b453e59f1de90f14adeca3447092ddb3cc0b5f092f529694b9016c83d54e28002a48b1f0b20c0653eb719975ddb3924d5ea6bd1c2c8bb994a6d2eb90d07996f26725b4818f33903c3a9f3a12f3e8f3a60a926db6d79fdf97b24ca215ef254adfc8a702912c4390e8e19c4a629d210e32521b80d004e410815b3610decdb081e5ca055d657a3d6996ada96645afd5a7672a2a9eb771b670024e124f8ab22926dbe8eb640eb8e4fb23e22a4f2768edd03633ef4e7ff005d291cdf885c96ba14de4589481f236f2a28e5a309ce083e46ae6dc3d1e2c65f6844b7bf29a241526349207e880e2b9fe383e42bb9be8e3a62544296edc189480125a6e7b8a709cf79239127aedd7ce8d55bf529d16fa1499eb7946328273449eb797300a4a88e991d2aeedbfd19b4f7aa2953adcb8e09c25e93705273bf721bcf37f048a4a63d192c6ab9a8b76f99362e0f4981b4e01dce7e5271e693d37a2556c0f2194ccdaf09194918f01574fd10184b1a3602475433349c8fca928fd9adcff462d3121693158748ce14d459e5640ebbb8ea4255fc1c54a9c34e1731c3ab630cc575d71871a73b30ea70a405bea514a8e482774ee0ef8cf7d3233ced5ccb8aa7cba6d3ea3c56d6474a04b24f7528a12148493de2b3940ee15a6e701098a65476e5c57062923ae314a12d7d937b24127be931d716a3ba8fbaa5c867ab9cf515a2d14e7a5722b473dd52e4309c567356ab552e43b4ef5a52b1b60d681c77d61513de6a5c873cb59ca7c2baeb5893b6f52e4310d159f0ad2d828eaa07dd4203b75ac2d9ced52e400eccd694d63a1cd0e5253d6b92af6b64e7df545d8082315b480950236ae821677d857498ca70f522a834ac0c1c0a037ad158e991f3d722ddcc32a7142b836c1be16aaab8d04c8f11f3d723395504ab5fe7a87c6b936e75182878e3baa5c80a5073f2ab8712a1e745d6ccc6ce42b980ae3d71f6c1ed1ac8f1152e43a716ef409345dc2f782b143267a5cdbbfc335d1949e87981ab28064852594a92559349e5c7327393efa5454b40182491412a4b5bed81577209ab90a40cf4f8570a98bc75fa28f2a53449fd62805cb6bc335772045c9ab2761f4517726ba36c7d14a4b98d819c502b9c8206c3e3561209194b50c6f9f7570a7564f87bc50cf4ec77502b9e71b01f1aab8c03edde714139c83e29a0a63eeb0425233e7cb5a5dc963e48145d573789ee1f0a972d013ef3aff541f80a2e96dd07296493e38a197717f3f2c7c0628b3b3dff00f0847baaae1060224bbd52948f315cadbe53953809a26a94e1eab51f79a2cb5951c7524d506a4159fa95c5dde45b20c07e7bd1996dd756dadb4200595728cad432af649c7862b88f36f21e053a6a62f7ce7d66301f3f694474aa7b655dee49383365a8a0ff00cd360348fa12a3f1a74c49aa18c9d852dabf51eda4eca243de917c3bbf6a8e1fb3731010c2ed927b63150fa5f796db83949c206072ed91926aaf46d2973ed0155b25b83bc065591f457a3cd2d8976e7d87bdae74f2a428ec01eb4df8fc37929405a18861277049deb8d8daeb0ed36b73b9805ce8b5b58a32cdbd709243b0de6703f19a50c7d14651223148c293f39fb2af3fde5cc4a40506d43c06ff00aa88bdc328321c2e3f6a80e387aa971d249fa2b8cf1f196e8ed795911ef179c5c5b9365079417160ede40d47497d4b707310af2c5495c6a648536b39c87413f140a8b5a3ed6e6be830f751e2eb2fde31ccc1edacf3dbdb0b8ce2718cfe29a90b46be1cb75bd49394961041fe08a8fad385b2b475e64118f78c53af86528bfa5ecab2724c66c13e6060fd55a0558941a5edd28d24e451264e68e23a5184cd9db15cac90456ce7358067ad0b220acb38689f1148ee6ca2696279c3446314872560778cd0b112dc0df776013df5b66276832adfc8d72ca398e543cf7a3417cbd3e8a10011084b5b00062ba0b1e341f364649a08b80138dfdd54f62c3c9773819ad97f90ee71f1a4a1296a5606e7c13b9a636b1e39e86d06b5b77bd4d063c94f588db9db3ffc44648f8e294c28c5c9d9224f13909efcd769b9247449aa9da83d3cb485bd4b45a2cb76bb286c95b8111907e2a2a3f45312e7fd500bebaa22dba4add1d3dc654b71d57f242450598ce4cd97c1376c7e2fd34322f2463d81f035e7548f4ece21baa25b876160770f535a88f8972811e9cdc4adb29b263feaf3ff009955964474247a4eddf13ca0168e7c79a8e317c694464287c2bcdc85e9e5c406143b68361923c3d51683f38729dd65fea845c9b7129bae8f86fa47ca5c29cb695f3292a1532b0792cf41d9bab2bc6178f7ed4a2c4b494e73b7bea9b695f4efd07772945d625d6c2b3f8ee3097db1f16ce71fc1a9db4371574cebb6fb4d39a8a0ddb6c96e3be3b54fe93670b1f100d4b35b99a54da2626e4838c1a36cc8c77d33a25e149572abdac7852dc69c9746411eea232b8b0f5d6cb0ef2c94bad24abf2875a67a604dd1b2fd8529eb7a8fef64e71eef0a7930fe4575356c2a13cb94b6db61b4952dc794129400324927000f7d42e37d80a0cc44d650e3279d2afa0f8527aa63da9e43b06d8ead980dacb732e8d9c1c8d94cb07bdcee52fa37d37510036198d32eb20f22a440d32e9ca96925b91393838e5e8a69a23f1b65a81db941e62ff88588911962321b6233480869a652128424740903a0ab0a5a07586d8851da8f19b4311d9406db69bd9284818007901585c049a2fdae6b327aef44281b9b7ae811e340a4923ad7408f1a840adf893659c01293d8af71fa26abfba85ba95ac9254002144f4c5580bd106cf34673f815ff00b26a04cb61a742b215cbdd54f62d3ca008b9cd6b1c925d18e9bd1962f73d24112de0477735126c2543bcd1869942bbe832a342c4d4bfbcc5bb05d254ebb466244b78b4b5615c8a093ddd0e36e9f57854dace958af36c0f5b9ca4a7a65e1bf974a826d25a8335a7c15294dab383536e8fd54edee7478e586d083f8c3276a1718ef60de22b5fd99b42e9d21170da4c897ca91d3b44f80fcdf2a3434a466c254991242b18cf32771fc5f3a596632d4a70b8a40c1ee19fd747936d53bd904b890159c929acf68f605d7aef79b1ac9d21103010644bc1ea3b44e0ff0026b13a5d95c8e75ca96a2948483ce9e9e7ecd3a1b841e2e84b990818f93df9ae7d48325285b80ad7e03a54b43b139d5bef31b0ee95616971265cb3da639895a4e77c9fc5ad2b4ab28e42997293c98e51cc9d8f8fc9a72bd04b4a716a7072a3a7b3d68bbcd2d4d15208233d48aab43b15ceadf798d84690692e3ce2674a4bae1c958e4cff00b3403da258750d3626c94b4d28a909e541c13df9e5a7414292e7660a7986f8c504fe58e5cf21e6f2357923d80e7d6eb26370e90e52e3bf74a5f685253cdcadec9ef0072e0524b5a40c5602117494949f9412db439bf934f379d5a50ac80001bf5a20eb04c24b8950009ea453234e2fa0a78aaa97bcc64dc74aade714b5dde61594848210d0c007a7c9f3a5db45b0dae2329edde90a4b6473beae6272ae624f9fd54ddd45a9176f94b6d2da57ca7c714a9a5f509be34fe51c859094f5ce77fe8a63a6a2ae901cf9d5d24ee2f36ef2a424f777d75daa699bc4ebe5dec7a5d0ab0bb158bb4bb84282cb93192f348eda421b528a42924e1254719eea443a778a4ace35b69af1c8d36e7ffdc7d948b9a614aeaf7b12448c3a90338a20eb2a07602982ad31c5627fe1ce9c3fff00ceafff003eb69d33c57077d69a5d63c15a79efd4fd4cc17257de43e7b35778aceccd33069fe29a07fc2bd26bf7d8e427ea78d6bee371501ff843a395efb5cb1fcfa998be4df692f5b0f32d126b6192699a6d7c534a76bbe8b70f9c39a9fd66b6983c5440feebd0ae1f345c13faaa6627257de5ebfec3cbb0ae7b151e94cc92f71460c67dd545d132c34da97cadc89cd956013804a08e829c3a0b512f58e8ab1df5d8c988e5ca2224aa3a54541b2acec09eb8c55a92173a5282be8ff114bb15f856bb25fe4d1dc0f0ae944241276ab14114b4bc7c938aec255dfd2854953c723648fa6b6f230918f8d42202c03ddf3d6d4de06715b1d057432adb3557080b947850ed2c2363d3c6b452397b89a0d471bf7555cbb770f73029db06b9213f1a25dbf62719c677c568cef34fcf5034834b191b0acc04a52314553373e04f956ccce6aa2581569037236a27202139c0c8277142a9ded06cac570b6c29bc0239bbc9a84b09cf446dfdf183dd8da8abad3ac9c7cb48fcaea295831950ca80c7856a43485a404eea1df4658924738dba0a01c3dd83471c6b04f2e12a1d478d69a0dbea2956caa84b5c4c56c4d00b0452db9012b071d68a396f563bb1e7565d9892a39da807178eea5555b491ddf3d1772d648eb52e5a1294acd06a56474a53fb94aef35afb923c6a86d8453d28059de970da918dd5f35066dada7c4fc2a049084bdfeca01d07c0d38cc06c0e95c184d7529e6a81a8f71b2a3cc76ebe1452f2a7a259e5c96904b88472b49237538a212818efca943e8a7798cd37bf22463ca922e6133af96d86301b8d99af1ee05394b43f8dccafe050363231d6e84c8b64559604788d1ed10cb496f3de481827e2727e35da1b71037dbca9c2b6c04e0606d449d6863c6a0db5d81dba594ab91631918cd4a5a45667d8da525a2e2d1ec12119ff00d75a8824a8b47293839d8d4e5e8f6b7dcd397175432daa4a529cf884eff581f0ae071882961efd533b3c35b857f83463b6d90eff0078527de28aaac6f13f2543f8152e98e5e3ed23e8aebee78fc93f35788f6bb1eaf3a28a71e62762b948e9d93e3bbc1453f6542a08045584f49485d95c2f6d81cbc8fab1f073fa6abb2179c67e7afb252d51e0710966b8eab13803ade4e0640a7170a9ce5d33111decbaeb47f82eac7d58a68d99ec2d07c0d39f86ce96a2dc9827f79b9481f02ae61fed5696665d498232b6068eb7d293a128a9b413de28f2558237a89dd160b584e2b8e7dbae6b6540e2a102b3d5f823b5202d3da39e54b9725f232af13d2925b4e33b50b112dcd6c0018ae492066b6a3b934129cce40eb42dd8146d4e9db7a8bf8c5c7cd37c2083fdb078cdbb3a8e662d51882eb83f2947a368fce3f00688fa4371b98e0ee93ed980dc9bece0a6e0465ee907bdd58fc94fd2703b8d79d17dbfdc351dd655cee731c9d3e4acb8f4878e56b5799fd5d077529ea6aa34aef3324de27fa4feb6e25add8ee5c1566b3ab616db728b6923fe7163da59f79c795446a749f0c93927c7df41f367751c9eface648e94bbd8dc925d0ec2ce6b7cf8f2a0f9bc06d5d00a232066ad4fa12c8103808adf69e75cb6ca9c380093e006687fb9cfa81e565d563ae104e3e8f31539881ca03da107342a5e07ba835b0a6be5028fd218efc56b93973b74eb5154b11c5071120e76da8e41babd0e53721875c624367990fb4a287107c4286e3e1492329ebb1ae8288a28cd3dc4b8169f83fe9adaaf46bd1e16a752f555981092b7941331a4fe6b98c39e3cabf9eaf870df89b61e2469f66f5a72e289d057ecaf03956cafbd0e23aa543c0fc09af1c1a9046c4d48dc21e2fdf7847a9dbbc58e472a95844986e025994d839e45a411d3b88c107a1146e29ad0c53a48f605cd42c5b586d6f15a96e2b91a65a4f3baf2bf25091f28fd5b938009aea35adfbbbed4bbda5b525b50718b5a5416cb2a07214e91b3ae0eefc449e809f6a9a1c38bf5a754d86dfa92d72fee9b7728e1699ab185941ead048d9b095020a077a7da2a3bd3fa33f9d8f53d7c6928c52d340f4a6bd69b2492a575c939345a3a94d9e4268c2159140bcd94ab980a212c38dac1a139ce71451b5631430555dc106e63eeae92ac0a0b9be35d768314c4f42d201bafb56c963fe657fec9aaf92a4f20776e89cd580b8af9adf27c3b25e7e6355ea42f1da6f8c26af462ea9a832839b8dc63c2945907ae3348511e21d039bd934a919648c1382281ab0a8dee2d466b2b4a88c0277005491c39bc0b5cd5052402a184a8f766a2c65d502325441f3a5bb529c5100157ca1de6832dc7b6d1692d0eb298c8e690db8a7482013d052b3926347c3c5e42528f642428557eb7a9656a59561b427037db342c8714f25a652b3cca393bd67700b99f02780ec67584212fa11cc79890464d6cc98ca59e57504a463248eb506a5e21c2a0494246dbfc2b9473a1a039944ace739a9901e69373d2a3c46d3ccfa1c538771915d954671c3caf210db6321391f6d416e2d4eca0a04f23606f9f0a19a2e722d3ceae659cf53d2a72c9cc2695b71e56161684294ac73023a5273deaeb7cb61f4a837dfb546cda8a1494927081b9cf7d107da5b11dc5e495384e3dd44a085b9b24a7e65bda094aa5b6a5bbb11cc36fa68b5d1f8898ce28ca65b6da46465637fa6a074325cb8739f908de89df25f25aa4ab382e28247b89deb5469a324e4d86f55de599135e712ea0852b60140d39f856bed989cb247b442bf94aa80ae8cac7b4927c8e6a6ce0a34e356a7b9c9c98ed75f32a34caa928128b6e42d7110769f7b11faf6ba86027f8ab2bfe653bdbe9effb29a7ae30bbb6891e3a8a39f886641fd54ef03d94e0770ae61d84ad4e28cad56f1bd758a82ec735be51e15bc7956c039e950bb1cf28f0ace51e143720f0aceca85b26512ef8a0cd92e4e6364447d5f334a34d6e113259e16690491ca3ee4c5207865b4abf5d38f5c3a22689d44e93cbc96c94acff00995d15d0d08c0d11a722ad382c5b22347de1840fd543d47bff000bf11540cd7053daabf341f9e8578630847ca57d15da19e54e318a3b99ec041383b6c3c2842011d2bb28013d326b8233e7dd8152e5dae06a4200c94e690f556adb2687b5aae37fbbc3b3420701e9af25b0a3e09ceea3e4326abcfa45fa69dbb878f4bd3da3047bcea16b2dbf397edc486a1b1000fdf5c1de07b23bf3d2a82eb7e22df35e5d9cba6a1bacabc5c15b76d25655c83c103a213e490051c60e43d53b7bc5f3d73e9fda2ec8b719d3b6bb86a575390990ac448e4f882a05647f047bea17bfff0054075e4e2a16db7592ced9e986572143e2b563f93552ddb8a9c070a24f7d0066288f95f39a7c69456e355fa16127fa64715e7ac93ab171927ba2c461bfa9149dfd95fc54cefaeaeb8f0e66ff0062a0d4c9528e3a9f2ae93215d4138abcb15a0c57ff0088b010bd2ff8ab1140fdf7bf20e7612a3b2e8f98a29e564f4ece20c1e5f5f6ecd7646d9ed6196547e2da801f35559b7b526e52911e332ec9795f25a69056a3ee03734ae6c9738ea297604a6943a87185a48f8114b9645a0c8c25257b5cbc7a4bd3f6d12d6db7a8b4c498255b1916c7c3e81fc15f29fa6a7cd07c62d1fc4c6ffdcfdf63cd918caa12f2d4948f3695857c4022bca644790d03da21681dfce923eba3706e2f427db7e3485b2f30728759590a6cf8823707dd4ab45fbaca9534d7b4ac7b0095646ca23cab95adc41df9aa93f02fd33e6db5f62c9af9c54d80541b6ef413f8763b876c07cb4fe77ca1df9eb574a05ce3ce88c498efb72a23e80e34f34a0a43883b82923a8a0575b99270cbaad809cf95cd9dfdd5cc86b084bc8d95df8a530d34e27381eeae5d68767cb8eec55dc15a05d87bb5641db9a835e33e745907d59d293d0d08b58c515c334b50c628b9501dd58e39bd1571d02a896045ac66825b805175bc01a05c7f3df541832df18c500a7c608c51471f1409918152e1a41c53bcbdf402e491d08a28a91bd1776454b8c7a865e9012092a181b92ae83dfe548fa79664b522e6acf3ce739d1cdd4329f65b1f11957bd744b50c9329b6ada8514aa728a1653d50c800b8afe29c67c56914a6a792818484a40d8253d001b63e140c72b455d071c7c67ad175bbcc4ef4515240ea45167e6048382335699705a193de055ca0ee3beac97076322d1a06da0fb2b91cd2140f5f68edf4015581b0a9d29a653f2dd58403e64d59bb64e66043623364723284b6900e47b200fd55e7f89cef1505d4f49c2a96794a6fa0fdfba031b1f8015afba0b3d10aa6c35755100a79539ef34613356a192e81eeaf35cb3d172915b3d29a116afb7e00752a50f8a526aa92564e7baae67a55c4cea2b86d80eb093f3b67ecaa6215bf51f1afa7d397b2780c446cc5bb32d591e469d5a0cf6576d40d1271eb887707c16d20fea34d3b0bc16ef2646d8cd3a34c7e03545d90adc3acc777e85a09fa07cd5b13b98fb931c05fe05bdfba8fa559a49b6ac391d2478529b5568b064f5adf35686335a1d4d4640a5c92a77900e94564a432da063734a4e00719a4db89f6879555c5cd04d476344e53adb0dadd7561b6d00ad4b3f8a90324fc06f460ab19dea34f484d549d27c2bbe4be6295b8c965383824ab6c7c7614b9bb20631bb287f1ef88923895c44b9dd1c715eaa859621b44ecdb293848f8ee49f3a8cd4acef4626bca75c5294aca89c9a27ba8803724e001de7c2b2b923ad08591d135886cbab08402a51d8003be9d76ae1b5d9f866e3718efdb2da91fbf3cc9cac9e812938f9cd38ec1a719b1b69792a429d5024adcc120636c77034a5252d98fc961ad67d1126685adf588a1233857ca27c314ed85a6ec76c7398b065bace54e0927295923180079ef5ccdb9f68950404a493f281dcd24b9394a59cad4547a9eb9a193b306c3de16a466de92e4388c4492ae549ec9a48406c670307f1b24efeea5c46b69282db912e0884eac95c85a1e4a54eb9f94729206c123e1515b6a255ccadfc438aa536e425680025923cd19fa48a5357212a8d68b53dd9447e1350c81fb91096de01581cca25c1b952b2a27c4f4a4f9d66d29705262b7a7a27ab2721b7cbaa43e32724a9d41c13927f17001c0151e38b60a492d4752bf34281fd42bb6e6298396de711e5cfcd419591872fdc21b730c39f73eeeb548652a0a44863f06f287f8323719d80c8df6a605ef4ddcf4e3a96ee311c8aa50c852b749fe10dbe9daa4383a9e5c558573fc9dc2c1dc528b571625460dbc932905417eacbf69a2af13e3e38c8dfad36329205abad08692083bee68d457ca16327a74a77ea2d018eda5da50b11d2907b07373e651f9406c37c6e7bf14c8402856fdddd5ba13cdb19a712eafa05717176dd4327424e904c2b8a552ade147e4484a72e207e924730fce41f1abf719ee841f9abc5ad0faa65e96d416cbc405724db7c96e532ace30b428280f8e307c89af62b49ea18baa34edaef10c8312e119b96d1073ecad214067cb383eea291c9ab1b31d8cac9c77d1c0d9713d33490cbb922941a90529c74aa32581790a7a9aec1c0a07b5cd0814081bd58363bce7a6d5837ae41ae81a85a0299bc2903b8b4afa8d5739cb20bbe69e956364279d95a7ae5247ce2aba5cd92892ac838ce0d1c44d5121a7b954834b2cbf909575a46531d8bb8513ca4ec694612db3ecf3e079d5cb61106ee2e34ef32534e5b02bb57508e84ab14da8cd8525395a4e3c29d7a61a0ab8300293ba86d4bb9a6ceda92b5bb424a7e020a5e6f0ac28922846f40cf4bca77b46c91b0c53c6cfcc9b5b29c927f5529823bb614b1488e7ef0ee2025295b6727277adb9a2ee4d2723b3247c919a9111ed0d8ef5ca9395a727a74deaae4d08e1bd1b71e5dd09f6baef465ad23702ef37643091b6f520ad012080726856d21291e352e4d08e95a6e7a13bb3ed1ebbd64dd3734c750ec4ec938352225214544e31e06b6e242872e36c78d5a60b4caf7f7a971650e12c2b994ae83c29b17fb35c541a6845708e73b015641f69233848cd1162d0243aa514e794e7006f5ae134b5662a89bd11574e8cba5d64b3123c277b5754109ca76193d4fbaa65d1168fb8edca608202391bdfbc2411faaa528560f5742a42d012e2872a118e89f1f7d205e22a61c8084800919563c682ad44d5875183525718fac466fda1d3d7fb7c9563f4624a3fafe8a77a3213bd35752f64bd57a2da595074dc1f75b18dbd886fe7e8553b00ae75cedcb5844de36ac0335d0e9599cd4b8a48da53b0ae80cd68118c62b79c54b9676946475ae8231df5ca5440ace727ca86e58d5e2d2cb5c2ed5eb1b11699583e65b23f58a5d8cca598ed340612da1291e5818fd429b5c645e785fa81b3d5f6131ffef1d6dbfe7d3aa565a52d3f8dcc522a864b4825f1388e825c2e75cf4a1b968569a0940eeac7425b4e4ed52e252ee177004f7fc0553af4c8f4a35e9bf5ad07a4a596ae6b496eed716558546491bb0da874591f2943a038ea4d4b3e955c7a4705f41abee7ad27535d02e3dbd077ecbf2df50f046463c5440f1af2da73f36eaf4879c5add595175e7de515124ab2a528f8927af5de9d049eacd34a1d4213a510b3823c80a2d1ed9267bcd67959696ae5ed1d3ca9cf9d383ee6c3b4cb4a949765f68d73b2838e6709d92a38f92927240ea401d339a58b569f54e40172538c14001b4211dde3fd1d6ae55acb436c68df7112dba49a953931a3a1dbaaca76e4fc1a0ab3bf9f28cf8ef4f5b07081c98b723cdf56b706ca5c04b4565c0a04e12478630467232334aec4f66dcc21a430d61afded4d8d81c6320f9d63ba8a638c7225cf641c804f4ac72ab26f736c694574152d1c13b0c37dd4dce5bdcc164b0e472801c6b3eca8839e556c4114695c19d351e104cc92f7ad82ae55b4b4f229393c9b11d71cb9f3069bcbb84a74a076ab4adc392798e3ecf8d712e6b8dec16e0503b909c8a5e79771995760299c2762d91db9512e0e3571693cc52c1292958cfc85a771b8ce7cea5ae1dfa4e711f858a6a1dfe4af5ae9d461258b8482a90d24ff00837ce540e3b97cc3dd50fa2f6fa5c043dccafce27271efaefeea2dc3870677ce7bb34b9a553496a1c5ba7ac4f47786fae343f19ecc67d81719f79b03d66dd3632112a29f05a0e723f3c6527c4501affd1ff476be80e3375d3d112f11ecce84d25990d9f14b88009f71c8f2af3d6c17db8695bcc5be59e6b96ab9475e5a92c1c107c08e8527bc1d8d5a38bfd508b558f4dc5379d35727ef5cbc8f8b729b11d6afca4970e520fe4f71e84d706ae0ebd39a7464cebc3134ea47f7b14439c60f437d51c3d664dd34f38752d95941795c880896c206e54b6fa2923192a4938ef146fd113d2217a42f11f485f65e74f4f5844390e9c884f2ba0cf736bdbdc77a70ea7fea8e22e50de8f6fe1fa17da24a39e6dcd582140839421beb827a2bbea9bc6b865cc8f642bf14640ebd2bd060de2250b6216a8e0e3234335e96c7b34dbe52483b1e9834329de619a807d13f8bc7897c3e4c29ef76b7bb2f2457d4a3953cd63f04e9f1240293e69a9d12ac8ada71251caecc0260cab9bce81539ec8a1dff00681cef44d67615772901b8e668abcbc6f9a19da24e9dbad4b8406b5f9d175af6eb5a75d03be8a3924276eb54d8715a9d3ae67be805398efa05c7cf8628abaf1f1a1b8dd830ebc07e30a2ab9209c6ea3e54038ac1de922fb25c4430cb0ae491255d8347f249eaafe0a428fc054b85157763bb63e274c9574272da898f1ffc5a4fb4a1fa4bcfc129a3aeccc9f64fc68a21b6e3b2db2d2795b6d21081e090001f50a0d6715037d902bb214a575a2eb77c4d06b5fb40d00e3b42f44360afa0e9d04ca5fbf36fb982dc51da6e36cf44febf9aa5c8f7e8ede0158dfb86d50bd8dd5458df2ca79f72334e387736dbc1c8cf7935e5f152e6d56d743dce029f26924f764aacdf90e2b95b4939efeea3e89ef94823907c0d45ed6a86da00249247724e28d8d5ee6072a801e1cd5872b3a9990a5e95517fb6cd39dce308fad42a9117432e292a427009157bfd2ad83c901df165433ee58fb6a875c505bb84847e4b8a03e7af7f076563e79888dd8a56c5b697f9804a79b1d29c3699296f573649f65e80467cd0e67ea5532a23c52e6c7a52e3120b573b3be4ec1e530af72d3f6a45688c9dcc395138d86521519282a1cc0f4a5e69608eb51e59677ab94a8f4f3a79c6929536956719a7dc8b6b0a7cc33d6b5cc3c68b76a0f4ae0bb8cef52fdc960db8a0475e9499703cc41142192318efa2efca6d29f68e0d4b80d049c584839c6719deaad7a726a22d699b65a9a5125d90952909eff94a1fec8ab35324b6b3ec9f6ba553ef4a659b96b9b6215bb5110a74e7a1572a40f9b7f9eb355968328c2f3b15a2dba425dc1c4ade0a8d1f3952d43da50f21528693bcb7a1005e9eb7c2813c0dee8fb29933078f2a9cca5bfe0247be919c93f9c4febaea096a5c80d2d452140f43827c715cc97ef1ea76a2b2ad05e97a82f1a8e52e45eee12ae600cb5eb6f95a42b3d7949c03e1b5376ef212da774a5b424612d83ffaf2a5977923c72ead64a5af65249ea718269933a4aae524af3ece4e0795355a11b440d6e00a71525c38f611e5d68fdaec72aeb35a890e33b2e53a795a623a0b8e387c12900934f5e13709ae3c4cbc18d1311a13047adcf5a729641e8948fc659ee4fc4ed568e327497026c4516c8fd9beee1b5bff00be4a98bee4823751fcd1ec8acf3ab663942e41ba5fd153565d9087ee660e9d6ba913dc2e3c079b6df311f123ce9e28f45dd356c6c7dd3e20869f3f2826036100f9154807e714acb56b2e24bab2e495d8ede08021c458ed707a05abb8f9240f7d15d3bc2d62f9c47774646d3375ba5dda89eb8ec9723a9684a700eea564ef9001e99da96a4df52b2ae8264bf463b15c925162e205be5bc4fef736304027c0766eb9f3e2a33e21f03b5470ea2ae5dc60a5fb7a3acf80e76cc81e2ac00a47f092079d4e3af785365d07aa74f69ad41a6ee512eb7c398896a005f2a79b939f1b1c7302309c91824ed8a591c2ad6da2d891234cdc244d82ca4f6f01d4992c048d885b2b2481e3ca462af335d4194532993654921493949e8b0720d28c47d41c4b686c10a39528673bf854eb2f863a5f89f25e66032ce84d6642962083cd6e9e47528ef479e0653904a5437a83af561b8698bcc9b75ce3bb6f9b197caf32e7ca6cf71c8ea923a11b11823aece8d44c4b8d8598a87438acb8e37cc0a728c73276e9be40ebd7bb34dcd61a763cbfdd105010eb4de5d40f0db73f1f9f734b7a703b2838970b65291d56b090478789a3b322ba947601412d3893d9a979208cefd3a919faa98a596574266ae4450dd2d3e9cec7c0f757a79e847ab5dbff0002ad911f5152ed321e849c9dfb2e6e76f3f05103dd5e6a6a4b608570716d2486f9f191dd5733fa9db7e5293aa2d4a5120b6d4a4249e8428a09fe527e6ad99ae8e6d685d1795a7f146d320148a484a88228c217ecd55cc1905644803ce844c949db1bd25a1ce51d6ba0ee0e68b302e171552f0f1ae83c09eb496991e74336f0c8a9980c88510f6e3f5d445adb4bc9b4cd5b8a68faabcb2a69d03d93bf4cf88f0a95db78646d4e0b15e23c50a626476e6c074e1c61d4058f98d5e7b6a2e74eeac55a7595b692808c85796714524b01a01413859380338abaf0f85dc3fbf8f5862c91179dca50548c1f348345ae5a774a692961b8b06dd6b3d99c39d8f3a8e46f91827bbe9aa96215b44328e0e53924554b2e8ad4176485c486e29bc805617eca7df9dea54d27c21be5b971e64e9d194d956531d8054e280f7e00a919982da1cf5a1eac12364ca84e961401ebcdecee3c8628dbb2225c5e69a664c097c831d9b8dac281e990a006e77ef27cab13ad2b9d78e0a16d55c74d8ad10dc82de1d78103052b4f2e28caa3c0ed4b6a5bc823bca76fa2931bd456cb5c45b4fdc12d2d29e5e49056e728ebd427e8c5716ebd416ca9e54b4a1bef5c75af937f10a4eff0341cd93ea4f2705a641625c3890929ca1f5856f9463a7cf5db16f84f254e36a7565233cb8c1f9a9bd70d4b68973b95a9d1dc280094a7b44a867a63d9c13eecd28ced59668501c1227a5b2948e61282d58f8849aae648bf271eb10fb0c4194be53db215e0a1b1f88dab72551633e9654c3bcb81ed2403f475a44b5eaab5c7ed4a1f2529ea585acb64ff0017afc689ab5bd924dc9d4b739b5b8850414341d43993d31ec6ff000a9cc911e0e36b651d9d8c461aed1b6d4e03f94427eba163a22484e7b15a09db0a1807e3d29b370d616b43443ab50dc272e36b7083e076dbdf5dc5d596b6995a4f310838ed32a0d9f1c03d7e153993ee12c1c7ee8ac94c172416bd5b9c82412da82b18a546e1478e93d930949f753219d456e95735766bf5c5056030968a57e3dc73b79d3e655c18830c4892e08edf28279f63d2894dbd199a7865057b58273d294214e2861201249eea8c6ef3932e738ef30082709f752aea8d64aba92c45ca22e7e51d94b3e63c29a4e649de9f9b4b1cdc8949b112fae21de206864839e572e2e1f84323f9d4f4ca7b88a60dcc15f12349200d9b8d7178ff00ddb28fe753c77a59a64ad18870bc81b66b853a3b8e68b66b2a0b07ed467cebb0ee68a834225581bd4f91370c076b7da502140d61563150bb0d5e2ca4bfa316c0f94f4fb7b6078e66b1b7cc0d3c1c3eb328ab6c73295f4d34788c7b489a75aff09a86dc923c4070aff994eb6d24360f7d40e6bf7697cc3dca4273d692eef71661467e4487d31e330da9d71d5744252398a8fb8027e142a9c213d4fcf5587d3c38a4ad1fc368da6213bcb70d42e14bf85614986de3b4f773aca519f2555ad40842eec533e3df142671878a372bc3a14dc257e0a0b073fb9e2201e418fca50f6cf9abca99816cc265a5b6d875979050db0bdd2e2c6015a93f920a8800e72411d3349a662bb671e2f9573652a5ab752518df6ee1be07c287b4a1539e5c8759263a8610100f237b9db7df6c9c7beae52b2b1d4a71b8b16ab2a63b7cf29971d7d44282cab253fd22970a8a1b39528a739c28e4d07058f679f709eee63bd0c8692b51241393d3358e4d9b6313a66297d59dc003ae6942df6ced9e432d34a75d70e108482a528f800373525709782af6b3b7bba86f93d1a7b47453f86b93c0053c41c14340ec4e76e63919d8051e960f87b69b83ea10784da25ab7c658e455fef0087de1f95b9e620f5dca47e6d2a533428ab15eecbc09d6d796db758d2f714347f1e4a53192479174a69466fa366bc6a32169d3e5d584fb41b9b1d64efdc03849ab5d17817ac2f1a93ee2de38b9060ea0758f594da2229097837bfb5c812158dbc4d15d45c0fd7da3ef90ed90389568b9dde6b6b72259ee6ea50f4a4a7e514020138dfbe873318a28a2daa7435d34a3bd8df2cb2ad6a2703d723a9009f00a2304fb8d359fb686f98b0a2dabaf22ba7f455ea91ae6e9a76e09b07112c2bb338ee5a05f4f6909fcec46482919eee6c8f3a61f13bd1bed97e84e5cb46a1b81706c15aad64fe01df1eccff7b27bb1ec9e984f5a1e6d9d8b74eeae54d61416a2d3d942bbb3d0d13bbc5e66d4dad214d9490334ad3a1b8cbcec77da5b1219596dc69c4f2adb58ea923b88f0a05490f33d9b9ed1c6c7c69e9dc438ab0c18da1aed3d6bf54421c8e9572f397403f3523de2222cf7e9b09b5294dc778a12558c91f0a90e04d5d9ee84b990cab0823bbaec6a3fd76aecf594edf3cc52af7e522b4d3a8dbb19aa538e5f8937fa2471017a3b8b96a6d4e7670eed9b7bf93ecfb647667de1613f39f1af481890738e83a63c2bc75d3b70760cf8d21a250e32e25c4281e8a0720fcf8af5af495fdbd4da62cf776f1cb3e2352763dea48247cf9a649d99cdab1d131c6b50dce6883ef9492063142173208a2521cc1a976c45809e7947a9a26eab23393433ce515756306a825161775cf1a28eac628679628a2d43151bb0d0275ca2ae39b508eac5165af6a1cc8869d5e76271488870ccbfc973e535011d823c0b8b014e1f827913f134a9265371da5bae9c36da4ad67c120649f981a45d36971ab24771e4e1f93cd29d07f29c51591f0c81f0a9991a22ac854709048cd175bb806b6a5fd145dc5839c9c556745599cb8e6f45d4aca81ee158ebbe0684619ca39944e4f7562c455c9167470745d49a0554e5a40c0e50075277a311e5baa1924914496a28e8dfc4d02a75cc1af3e7ae57e82fa26a520657bf850a2ebcbb2700799a6b89013d55bf9567ad9fc827e3503bb2d3fa5146ed74d437863280ea77f703fcdaab6d68eb35d196df7e1216e2f75286413bf955b7f48f8fdb6844a8efcae9c7c50a155e3425addba59632c344a7da04e7c0d77f88ce50a717176383462a5269a1aadf0b2c6e9ca613a9cfe4bcaa566381f6e9ec00e7ac456d2a0b4abb6ca8281c82320d490d4266da9f92d29dee3d715d294eca50e77481d3091815e6fcdd78bf666ce8ac2d16af28a19ecf0be1b03089d25c3e694e3eaa5683a14466f95335cc7829229c6cc2047ca593e19eb4a2c44084825b3f1a25c4714bedb05e0b0ff706db3a282bfe38bf8363eda4cd5d06c9a22c8f5d6fb7e45b60b40e5d7d20059fc948ce547c8535b8cbe94562e1707add6b4357ad40361150bfc1b1e05c58d81fcd1bd522e22f123517136f4ab9dfee2e4b7927f02d0f65a6078368e89faebab85ab8daad4a53b2fd4c3568e1a3a4637269bd7a59db58b8bed5bac72e6414ab0dc979f434b58f1e4c1c67c33d2881f4abb63c4176c73918f090dabf50aae6e20f2d02e82806bbbcf97739ce841ec8b287d296c0a4e156bb9a491d4722bf9c298dabf8d7a72fea9ebfb9321e2ea141bf5865b38246067da3dfe150bbce046e48cd1090f83f1aa7564cb54631017decee950cd2dd8da42a228f292f056374e1433de334dd53c13f253f1a73c299cbeab94a990d8c96d5e54101cc4fd6b3834b4c26f66db001c1ea7be89e94d3f2b51de615b6137da4c96ea5a6c75c13de7c875f8503a93f09399e63ed291cebf324d4ede883a51bb9ea8bbddde405fdcf8c186b23a38e9c67e013f4d0549e54db2477274b2582d7c35d2ac59ede430cb0c17e54b230a207cb70f9acfcc0546da15cb6f10f8a105bbbc8533366b4eb96cb794921a8c8eaa27a0246fe27a741bbbf889244dd3935092aecee77110c287511d07040f82147e34f0e1644d34e5ba06abb54569c4886b6d89eb670ea0295f8548277d8a40c79d624eded31ed5ed61d5a3f879a4b839ac351eb04ca94fdc2ec86db5b731692dc64a71eca0636dc671b90361d69dbfd938e475661da9a7509013dabe9272074195286de1b63c2a21d46f3b7594d2e4ad456f9cb4d24e7b26ff2bde7c7ad33f506a981a796ab4c084fdc673ca0eb4a70b6a5a4e4828c929182394fb4463a03d6823294996e292d4b416ef4a28f31c42ae76b11f972844a8ca396f3d7192a03e8a6bf16b865038df73d277b89aba7d96059e5190ea2d6024bf92829e7391caa1c85209e618591df55d6c7afedfabe7a6c1724bf669ad952bb36db4b4b24782895255e782761b54b963d4a9d2f223cab69ed6d61286a580084399032a00f81cffe851b6e3a301454b611f8f9c3ed3d3ef820dbaef0d8d585b339a851de4a252929c9ed1291b850c120fe3006a1ad67665f18f87b227ad949d71a5d25b948693854e8c0736def4e569f052549e86ad5c5e1fe8c46be93ada7426c5edb828433717df57662394940f633cbce919473633cb8a81e788da3b8f56d936c90d3f68beb2a690f30a0b6dc0a1da36a07a119cd129585b4f62a4db25087310ea485240d94339e53ee233d73d69f324c7b9da57d933edc7016d91901431ed7d191f3527f1734a2345f12afb6a61b0d466a5768c2523a32e00b401e439881eea3f62625b8868f569c6ca8e5206538f778e7e6ad1177d44b56d08e359441d88586fb16c6c00c0049df600f875a9bbd01aee2dfc584c52ac09ec3f1b1e2793b44ff00f4c9a88b58a126d4b25d255be10ac60f514eef4499ab89c5bd34eb653da1bbc66c027030e15367e85d6c84b43055868cf5210d73246df0a1032a07a538e2f0cf51ad29cb2c367a105e0694dae136a0560931bfef3fa29b739232fb257857496b1d453e93c23be1f94e461fc33f65083845771d5d8fff00787eca998961881183b6f432524f7114f53c26bb0e8e473fe70fd95d2385377ff09187f0cfd952e28668410060d0892b1b731da9e89e15dd87f7e8c3dea3f65088e15dcba991181f79fb2a5c83462cf950dd0e30fada58e8a49c1a5ffbfab8bcda512d98770e5e865474ac8a53feb57713ff001a8bf0e6fb2ba1c2e9e00ccb8df4d034b619194a3b08aad58b23fde9b4f5ce3d4938ad0d6125b573376db5a0f88848dbe8a5e4f0be613bcd8df4d76785d241feee8ff31a1b219ccaa378eac94a564dbed6479c14127e8ae93ab667284fa95b0207e2882de3eaa710e183ddf3d9fe2d6ffad839df3da1fc13532c4ae6d6ee3706a79217ce9836c0a1d0fa83791f1c509f7cf2940f344b71c8dff70b7f6538070d083bdc5af9bfa6841c37dbfdf16be6fe9a99503cdaddc6f37a925720408b6f081f8a20b78faab69d41282f9c45b78574c884de7fd9a708e1e25036b933f11fd35b4e81481bdc991ffaf7d4ca89cdaddd882351cc56c5a858ff00246ff668646a79cd8c2510d3ee88de3eaa59fbc36fff0079b3f47db59f788c8ff94d9fa3eda1b22732af76252759dd9bdd0e30d9c7ca6d84248f8e29226dc654f7bb593216f2fb8ace71eef0a767de2b5ffbcd9ffd7c6ba1a1193d6e4cfd1f6d449229caa4fde18f5a2334f9fbc58c3add181f37db5b1a1a27fef563e38fb6ac1c8c87a4a49e2a69f18d9367b82bff009d147eb34f44a4d1bbff000a153efb6fbadb355c5b64c891de88a4c886990dbadb8a42cedda24820b63707be825f0fb518184eb7b083e26d0bff00fb8a16cd59134b5404502b85a395255b848fc615c3bc3ad60ad9ad7ba7413f95665ffe7d1393c2fd74e255cbc42d3417ca427fb4cb38ff00e7d039361aa2bef22becdf4c2871eef261a6c7216a69f533ce950c1c2b19eb563985a9d8edbaa49473a12ac1eec8cd5637bd067587dd475f4deec4b499657da19072473679b971f1c67cb3563e070b35ba1a097b5fe9e41000c37672703e2f544ec1d5841d941a1490939cd080668ba7861aad3b1e22da01efe5b1a0ff00e2d0dfd6cb5181ed7126de0f95819ffcda2ccc43a4bef21abae3dbbd6888f83872f8167dedc67d63eaa760ca52064e2b20f0a1c5df2db71be6b86eee9b6adc763c78f6d6a28ed16da9be65292b51384ad5b79d3ace9ab4a47fbeb8f80a24ee0d48e8a29dc6980a3d01513d3cebcbcf4c8d7875bf1caffd9ba570ad0a1698dbe472b590b50fd270acfcd5eaedeadd69b3dae65c0de025111972412523a21255faabc3fbedc177abb3f2dd3f8698f2e4399ee52d4567e926ae2f519422f56244725e7bd593925f504a920f51ff00e707e14fcb4da4a031150e0581b6c9c1f8d34f4ec569ebc2cbc32da538c60e0abbb715245963e54e3a941e600049cf4a4559ea75294343992d2004a52004a76a91381bc286f8957e9126eaeaa1e94b4b7eb374940e32819c3493f94ac7cde6454773c762b50577649ab7f65d3434270b746e94ecc09b78cde2eb8d8af64a92dabc4654d2707b81f0ac9291ae285db05993af2e901f950d30ac10425bb4591b4e1a8ad81eca8a7a29d237c9cf28d86f92665d11035eda78bd0df665db7fadcaadf855b92802576e127da0719f965279b3ca1391d7150edeb8510b5a3da5ee122eb3a0c8b1cd125a1096007d7949295f864a7af500918dea669cfdca5c1990a03e584b2d97264a46cace01084f8601dcf77be939b50f71dba895a1addc4363595c150636aa8f1fd551263971e7423040e600842880a50071dfd6926f37ee1feb5d6161d4139f6646a0b22f9e04a97196d7659df07916398677c104677a8e26dc2cd67b25b264b6d7182924a9326e2105d1950c85e1393b0240270723ba9251738d7d99f73ed6f8ec67b657d825c4cb48424e4fb409513cc06c0823e147adb42c7cf17a0df35aeb5d3edb8e5b646807e34862ef05e4074bae11f8271a591cdcd8c0c6d8dcefd44416f8733877a913a75529526dce852ecf296ae652481cca8ce1efdb704f54f9a69e9067cbd1f31bb7ce0b5db648e45b0e9396b3dc09df1be41f7532f57e838fa7d7aa26b331f91367cf66eec25f5ec871b6c001bf25042b23cc8e94a7253595a0b54473e92bc368f7ab0a75cda58eca5c74f2cf6d09ddc6d3b151c7e337e3de9cf80aabce3e319072057a01682cdd9575b6ac76b167c34cd436770414f2ad20798c1f8d50bd4b63569cd4976b42c67d4a5b91c1076290ac24ff00171574e4d68c924225edb125a0b19c8a8cb524ac6a41224341e4a90825b2ae5e64800751eea952e88ece23647e3a79a99d72b2b57a86b41e543eda894b98dfdc6b6464b7334a174376d6b2b93ec25411cd9084e54477e3c4d7a5fe8a37a55e381d612b5f3ae1a9e89ee085929fa143e6af33ac3719565b8a1e8afa9894d120388ea0f43f457a13e8477032f84b70689ca9ab9b87f8c841a7b927b982b43d82c0a9cc13455e737ae9c5633451e75033ccb09f7d45248c2a0ce5c773455d566827ee11dbce5e47f1a93dfbec640c76a0fbb7a8ea04a2ef6b065d5f8d1375431451ebf30a1b732ff4534555765afe4467543f46a9cee372071d56f4038a045155ca98f6c98873e19a311ad17a9f80c5be42cf836d934a9558c7776191a5297ba21eaa24d925349f94f84c71fe71411fce3465c71283c89184a7648f01dd4ae3853aaaf93580fb09b7438ea0f2cca5f2adc58f9012307d91d49f118a594709a7747a7b093dfc882af9b245629e328c74cc8e9470755a5688c5764f76e4d03cce3a795092a51ee15230e1f41863f0cb7a42c7f041f80ad1b0b51d396a3a5b1f94aeb5925c463f64d70e1d27ef3b0c88b65755871fc213f924ef461e4a11b2474a5e9104a559f958f2a24eb013d47cd582a57954f78ebd1a11a3a210dd4baafc5091e268ab918b98e6513f40a577c272421393e7449e8cf2fe56523ba94a763525609961b40d8807c28152119ea68c2e3840ebcc475a2ea4eff24d33332173f8eacfacf0fe5e46421c41f8138fd755c786535c5e940c255cbd9c870123af71ab37c596cbfa06edde52d85fcca06aab70b96a442bab3b72b731437f9bf557a2e28af46e71b0defb1f2cc4e63b85134a71e1631f83f89a26d2dc273cfb790de80d41a86269bb43f71ba4c6e04365395bcf2c240fb7dc37af1c9393b23b174b70eea1d4d67d1b697ee177b8478111a04a9c7881f003a93e00553ce33fa5bddb5625fb569575eb3d9d594aa681cb25f4f97f834fd3519f18b8952b885aae4cafba52e65b5b51111b90020369fcd427619f13bd47ab5850ea063c2bd0e1b05085a73d59cdab5db764b43979ee6512a2492724939c9a28b7394fb26ba71c1cc475a01d5848c819aebdcc7b813af72a89c9eb445f93cd9c57521d564903af8d135655b9200a972809d5159ea01f3a2ee01deac9a15de5cf5cf9502b236c27e7a972b7005f282373d7a52e87c0214a4a50b29c601c8a4078a413e028d890b294295839dbc36a642480680eeb211327a1c49e8809356bfd0b9b1f7bda8491859b8b015e38e54feb26aa2388ec5f039b98119e9df9fa6acb7a1c6a34c5d4d7ab2a9439e6c644a6813d56d9391fca4fcd49abaa2e1b927ca4f2e9db2485647a95d965d23f1485b9f68a91f4ddc2d57ce1dbb71b2ad976039cab60c54f2b6a0a592a206d8c91e1d739a6bdced5c971d4167c94b52d5f74a12c8dbdac123e0a03e9a3dc28bfdaa34991a579a3c09129a5c81090023955cf95109e98e7c9dbc6b3c95e236f66214872e2b5890dc72596da434a73627703603a9aab1c449b36e5a9ee0d494960b2e14762b2072e0e00c77ed577f536947e3c65c94fb050a2808e5d939ea33dde59a8db887c2cb771165b539113d4ef01a4b2a2da83293ca31ccacec7ccd5539e47a972f6968561d151e5bd7d848614e2dd6dd42da48f10a19c796339ab89a6234d7745cd8aec35c76882b61a7138743649c2f1e1938f1a66e86e1241d251e33c3f052df412f3e541c753851051e0907caa5ad3d699770d4118b6cbff0073131fb4724bc4e1591ca900fe31c8f70c555495f54546361c2ee95b5ea6d376bb6dfdbeda125b703ea2f29ad905b71079924118527c7c6a1ae335ae1a789da2a2d9986910e3e3b06e360a12d21b511cb8ea30739f3a9635adaf4e6b5b7c9d37759c596cb5ce6346981a90b01414a207cae5002524e31b9a8cf45db225ef89097e0321bb1d8a29b6c26d249184270bc1efc6129cf89552a12cc4968427e96f0835c544bada412edaa397147c42dc48fa1207c290e0622e91b4ad230a01e4e7cb9f1f65297a4cdd7eec715ef4db4be76e1a99b76dd0a9b46578fe1acd369cba05da58612bf65b076f0cad4a3faab5e6684357634b52b4e3b637b0d820731e6c8491bfd3eeadf0614a85aaecabe6525c13633a3071b25f6fed34a17e640d3ce94bea6f2924fb237c9e9bd37747ddbee36b2b4b8c84ac30b4242547d951e60a19f2e6c53a94f4335485cf684bf25b7dcc3ef7cb57f7c38ea7fa2854dc66b647eeb7f1e4e9fb6a802bd3c75a071e4c88d628cef39e505874f7eff8ff000ae8fa77eac50c07ace0fe6c159fe756b536ce33c2cb7b9e82a2f72d23796fff00de1fb6b972f33560e263dff787edaf38a57a77f114be4306cc5aee2a8077fe55063d3ab89a738559479fdcff00feea34e403c3beacf45fee8cf528e65bc7fce9ad7adcd513fba5d3fe70d79d43d3a389ebd83f654f9fdceffefac1e9c1c51e6feebb375e82d83ff32aeec17867dcf4543f2cf592e0ff003a6bbed64e377ddcff008c35e74abd3878a248c4cb4277eeb60fdba0d7e9bdc51ffde16acffd5a3f6ea5e45f977dcf460ae4edf8673fef0d68bef056ee387cf98d79c87d3638a4727ee95b467c2da9fdaae0fa67f1497bfdd6829fd1b7a0556a4f2efb9e9087de27f7c57f18d1a6e73c9d838afe3579a07d32b8a7dd7d8c9f75bdafb2b93e993c5351ff00842c83e56f63f66a9dc9e5df73d33f5a715fdf158f79ad892b3f8ea27f4abccd3e991c54c7fc24423cc408ff00b141afd30b8aabff00daa29fd1811bff002e97ed04b0efb9e9b07d44ecafa4d6d4ead3d5447cf5e629f4b8e2a939fbef747ba1461ff875a57a5b71557ffb61207ba2c71ff8753da2fcbbeb2fc8f4e8bcae9926b41e27afd26bcc13e957c5459df59cc1ee6591fccae0fa5271449df5adc7f821b1f5268927d4b587ff00cbf23d41ed7c48ad76a9fca02bcbcfec9ee27ace3efdaedf05a47f36b15e92fc4d50c2b5c5e47b9e1f6506564f2ff1fc8f51d2e038f6c7cf5df6808f940e2bcb3fec92e26741aeef7feb1fd15c2fd223894eeead777df84b23f550e50961d773d524a9271d2bae64f9579523d207893fff00bddfbfd7155a57a40f120f5d757f3ee9aa1532b0f90bb9ead05a7c456c2d2335e510f481e2403ff0f350fbbd7d55d8f481e241cffbbbd423df3955562fcbaee7aba97463bb159db273b6ff000af28bfb20388c3ff6f350ff00afae83738fbc4538ff00777a855efb839f6d4b13cbaee7ac21d49f7fbabb4bbcb9cedf0af26d1c7ce229dbefe750fc2e0e7db5dff5f7e2267fe1dea1ff00e20e7db52c4f2e8f5912f67a5761c27b8fcd5e4cff005f7e2103ff000e7501ff00b41cfb6b85f1d3880763adefe40fff006839f6d4b13cba3d6b1cc46794fcd5a573742957f14d7916ef1b75e38a255acefc4ffd62efdb455ee326b87363abefc3bffdf17bf6aaf2b29504fa9e95fa4e6adfbcbe036b6b86e875db7aa0b3cc0e14e3e43207ccb57cd5e47a969139009ca738de9d1a8f885a9350db8c3baea1ba5ca2a9416589731c75b2a4ee93caa24641dc53296ef2be95a8e0020edefa8b4468a74f2d921eba2da5854a5f2901653ccbe6031b74a7c69d6876c800e42944d34f4ab2aec9f2970064ee53cb92af0c1cd3c2c8909095824149c75ac2e5796a74631b2008519172d4f0a2b89ca5f98d3477c6ca700fab35787888d84715a0b43e4b50025b046d84bc07cdec8aa3b125a6dba821cc59c263ca6df27c92b04fd02af8716584b17ad39a8d185305e319c5f704bc94ada51f2ed1a29fe1d0483b05b85dc2eb570db54dc916d767bcc5c642ee6ec696f73a1a5a41d91b038254724e49db276152843b4aee7a625044a8ec487222d4ea2439c85487325c7123f1b008dbdd512f0bb45238717905bbd5c6e96dba4974a137277b4544ed53fbd859dc8cf8e3a54809d3eedd27866e2d3ab890b9092c28254b4a4e4a4f91237eed856752bcb50ed728fdfafd786f5ddd65b521e69c8cf16e2a5412a53484a8f2f50403b024f8d3d382bacaed74e2f5b51719ee485ddde111f79c233cea0421c3d07324e3e19cd3ff008b5c14122f08976d0a5cf96fa5847608ca1f048092e0db955be0907b8934e2e1b7016d9a4add71b95c90ab96a371b0ddbd809e54b0158e75e0649591948e8067ceb5678d81b3b8ff00e2c582e2195c97b9643ad2d9e6758783c9282080a2a14cdd7ba7e1ea089a56e5392b548b6b6e486395784970b6a402a1df80b5e3df4f29cd4a763356961a5a23b6ca12ef2a894150ce1033dc3f5535f56e9d67516acb0301f7792cc9524348572b6b5a920294b1dfca3381d326b3daec3e815d28d16b58da6311828b6a90b07a81b01f51aa75c768c96b8b7a81282024ad951c78961baba9a50891a9751df00022c742a3b455d0e33f59aa2dc49baa6f9af7504f41e66dd96a436af14230d83fc9a62d194c6b5dd7fb8d849249037a6931ccb79d4a3380734e6bbafe4a0127947753681521c5940e5e63d2989f602c342534a8b78928fc50e93bf9ef5697d1cf8c36bd056a89687ae6980d4d2fca96fa1b5b8a6969c25b494a413ed2798e7caab2de5b522ece9c63b44a5593e38c529e9b74b7708a3380e25693e076a766b8a943368cbdf2fd21345800b97eba4dff002780a19f8a949faa939ff484d2807ee7b5de661f179d69a07ebaaa8d492d9033f3d28312398e42b7f0a0ccca546258891e9136f2a223695467f2a44e51fa1291f5d28e93e3fc391796937bb0466ed6a3cab3014aed51f9ded641f75575624a57d7ad1f8f27b32083e74129369a4ec3634a0b5b1e92e91b0e93d516866e56b71a9f09d1ecb8dba4fc0f4c1f234e48fa56cb015ecc08e47fcea79cfd35e79f0df8ab7ae1d5d1336cf2ca1248eda2ace5a78782878f98deae970af8e363e28444a23e21de129cbb0242f246dd507f18579ac547114ddd4db475e8aa52fb0912535060019622b49575f61b4a7ea15cc874b63da504790eb4596a58f68bd81e5b5637210ad8a7b43e2066b92e6deecdf18a5d02525ee6561285387c54689b99fc752503c3be9425f3281c000799cfd1496b8c4aba155452632c82efb4d2f649528fcd4933623482494e3e3934aee47292799cc0f01b500b427a765ce3c4d166d4bb5869c886a7b38c01eea4b7eda94e494957bc53c2520a761819e800a4f7622b0491cb9ef56d4dcf62f28cf7617b44252079d27c98c13d4fcf4e99909b4a4fe130beec6f48afdbf9812b736f3a6c6572b2a1bb23973809c9f1a22a656547723c8538dc8cda01c0e6f85125b5ed1f9229f702c5cfd7acface8ebc3637262ace3dc33faaaa2f0da4a62dcb51b3ca54a1252b03e7ab8f7d6cc8b4cd6b19e76569f9c115412e5c438dc35b96a394f02e3ae25bf576475717ff00e0e6bda63a9ba949c51c2a325095d925f1038a56ae1dd9d732e672ea810c4649fc23caf003c3cfa552fe26f15af9c4fba2a45c9e0cc36d47b082c9fc135f69f3a4fd5faaee3ac2f0f5c6e9217224b876c9f6503f2523b8537d642ab9d86c2c68abbd58cab59d4f9092fa0f375da8aa994ad4739a5775009a4e7cee474adac53d422b29482123e8a2ab2483b7d14756363b6d44e4820148efa0b91213a4bbca080464f4140b7096eeeb0123c68d7aa12a0ae42af3f3a37cabe500a0e3bb140e762d45896ab7a77ca946894c4c78e394e56af23d29626b7d935cc107995e348ab8c5c51ca7ad5c657238b139c5827d9053e1e55d33ce527dacfe6d1f313008c505ea693e24781a352485e56147d0a590a1be06f4e5d01ab24e8dd496dbcc3c9930dd0e72038ed13d148cf98247bf148047e10a49200dba5600a656143a7ba8ef985dada9e8dc7910f885a76d57eb2ba8538afc34473b9448cad957864f7771cd37af7678e6e8cdee3c50896cf325c6ca30e30b230ae53dd91f3d569e03f1c1fe18dc4c49e1d9ba7252c7acc7072b695fe15bf3f14f7f5eb57561b563e21591abb429e8910dd1f83bac4f6b1f9af206e08f1f9c5265168b8cae670ef8d30265c255aaf96e95cb182522638d8e479b3d083ba558c1ca55b8a9ca45af857afb49aa048b9316f9013fb9e4212a6971d47bfa6143c53922aa56aed0da874c29739d80e4db60dd176b5fe15b48eee703741f1cd4633b50a74fbd3aed06729531c6f0b6dc71ce55ff00042b941f30281c5bdcbba2e449e1c70df49456d6ede57a9e6255953aa2a431eeecc601f7a9551febce375aed979b6da1a66636257b2dbd1a2a9c6db4e700a9406123e81e155734eeacbbeaf9f1eed2d62d926228b6d28ca7791c1e2a6f98255d7bea42b7e9eb9eb69096cb93b507794a7f07153e6ae8903de4d06464ba01d40fda752eae9772d2d6d0c4f92dfaacad41ed2d65bc049433924648006523af9d499366c0e03f0c655da532844d4212dc7884eea7d5fbd33f9c73edafc3068baddb07076c6fddae92a349b94746101b572b10d446c946dedb87b801eec649aab5c59e29dcb8b3a8512a420c2b54505102ddcd90d03f2dc59fc67178049eecf28e868941455911b19aebf22e0f392652d6fca756b79c754725c7144a8a8fbc9a1d09ca92da7bf6ae1b185671802866d0b214e200e603d92bcf2fbce2a48a426ea5971931c296d73bccf452927e614c284fbac4b6e4208ed10b0e027a641cd2d6a2b9aeeb28a42925b6cf547426931a60e7a7c28e9fb2b51520e2a6bd324adf797ccb59c929e9f0a19b563bcd04cb1e23146d2c1c74dab5aa965a19b25cd255bed461b5e319ae1b64e7602850c9cf4344aa3d89cb4760e71838cd08918c56258381e54286fa78d57319396bb1ace6b32338aec347bb3585a22ab98fb9396706b8048da87ecb6ad7626a7309cb0319efadd08193df585a20d4e6139606140575cfe1f5509d8e3b8568b7bf4157cc2b967295289df6a1128cab735a0824f7576941eb559cac86b970acf756faf435df66542b694107181559cb54d1a4e523ad75cc4a6b0b631b75ad608eea99cbe59b29daba1d41ae12851393d2844a0e285ccb54cdf363a56c289efc56b90d75d9902a670d53340926b636ae820575cbe142e6172ce6b2bbec89a5f634cc5bbc242ed53bb59c139720c801b709ef2d9f92a1e5906873939636c839aed249142aa2adb514ac72a81c11e15aecb06a67272cdb11dd94ea5a61b53aeab64a503249f214f5b6f05356dca12a4fa818ec8495664282091eeeb5c709751c4d25ade04b9cca1e82e2bb178ac67b34abf1b3dd8383eeabb6ab433298385b6b69d41c14ee0a4ff4573f138b9d092b2d19a29e1e335a9e73b882d2d48575492938f2a055cca3d7229f7c58d072741eb39b05d42bb07165e8ce11b2db27b8f97434ceec4a73b56f8d6cf152466749c74623ccc91b0a4d712727bbce97df8857d3ad1372093d76ab73264b6a3a3423deb2da1b2f2d05bd941040e6dbbfca9f36e5a50ebc938048e64f99a8aac6f0b6cd1da0e665cc2563caa4869f61d292c38925bc6529cedb74358e5bdd8f8ec1ab9b20c8c91eca87ce3beaeff03aef078c5c1045a6e4aeda64164dae76fed8091965df1e810acf92bbea9595225c2420eee20e41ef229edc19e28cde12eb166e91d2a9305d48626c20ac76cd673ecfe7a7a8f88a2be6442778ba323ced756c3a8254f87a82d485311d6c492db13da049f691d0ab724818df07718a9a7871c4bd3da8ef132d3f76a33978b52fb092a697cca49cf290e27dfb778cd71374d5978c3a6635f34fbcc5c587c05213909c2c7e2fe63893f8aac63b8d31fb3bce859efa5fb730f3abc07537267b190b03a02f04f32c79ab3ef34128df5412658fb870ce36a87a04c8b3988e19565d4b080eb6e838c9c6460e323a637e94e15e8cb15b9851790dc5640c12eaf94e3c0a8ef8f200551dd39c5dbd59b88afda25cbbd4e334971987cec86e3039c2505b0091b8dcf966a58b768ed63a86eb3ee773ba4ab7d95e0036ddedc436cc74f53c89185b8a3e6714c49762c746b8e22d85ebe3b60d2a5a9f75652028309ca5904edd06339eeebde6a3d5e9b6f4441559ed68548d4175714b75d52cb8b2b5fcb714a24927bfc3618000a906d76d62df19d8fa523aeef2c821fbcca6fb38cd67e51493818f21d71be692f52cab0705f4e4bd43a8a787a4be923b657efd2947fbdb283bf2f9fd42a306e453c6ed551b839c2a36e88fa4dd2620b2c7e529c527da591e091957cde35461452948c03848c0c9c93e34fbe2c711ae5c52d5b22f138969b194468a1594c76f39e5cf7a89dd47c703a014c575200c7850bd0348469614b2b50eefa292160051cf4a59b9a8b44049dc8dc0a4b75a5f2e79078d46ec5d84d9711a9637079d2365527b6d2e2c88e5439434ee76e9834b3d92c9f935b542f58480b46c3bc5566265b8682c85e09e9e146d9938c5154b6a24ed4221a20e6ab322f2b62bb330e00c628fb320a80cf4a426d7be2962cd0a4de6e11a0436fb69525c0d34de40e651e837aacc1a821523ba4014b56bbec9b64a6a4c67d71a434ae66de69452a49f10693350e98bbe8d9ed42bcc6f5490eb7db251ce956539201c827bc1a2cdac52e566b5092b6c5c3e107a51357311ed5aaca112ce10d5c88c36b3ddda0fc53e7d2ac226489284a83e1c6d5829ec882920f7823babcc888f92b4a1092b528e02719c9f0c77d4efc23e306a1d02ea2dd75625bf652368d212a0b6478a0abbbcab8b89c22f7e99d1a757a48b849901ad82723c4f5adb8e9786d8467ba93633cedc2d70a7368ece3cb4852398fb6338d943f14efd28cca8522c8526527979812924e738eb5c9709add1b6367d4e57179f3ca9c9f1eea2ee244624adcce3f146f5caeee5ff006539f77751294fa94939501e7429770ec6e64c6d69fc12020f8abad224b74b99e77338f0aedf0a5924648f1344dc006c76579d1245842615907b3c81f947ba91a47364f3ab9cfbe9c0ec571e493b01e2ad85155dbdb49dd25c3e7d056883d4961bc4ee404957bba513723952c9ecd34e390cb401000491b6dd293d681cdf2934fb8162e749016c3a9f1c8af31bd20e2763a8640e5f92b1f4647eaaf4dc381c4ab18f955e737a4dc14b1aa66a4a738717d3c967edafa2d5d8f308af2f36950e828a2a3a7af28c528b890064ed45c80b1b004573a4d21f6139d69255b233f1eb407a9a54376c027ba959a8d95e704a8f7d1afb9aa5e30924d22531aa0361db7a083948028a2adac9ce40f9a9f29d2ee494fc9483e24d60d12e9dc042be38a4b98ce58c4f5569b180827cb3b57058c9d903dd4fd56877c1186da07c4aaba4687947a21b3e3be2ab991ee17288dae16c79f40c20e0775267dcb712774e3df531a3414c57e237fc6ae1de1a3eff0054201fd3a9cd8aea4e5321d55ab392a5018df00507f73d03a026a60feb49703f2586d43b895e2b3fad35d011861afe38abe747b95ca77216996a71e1f834f2a87975a4f4a4a0a90a1d36208cd4e379e1abf66b63f3263edb210301b48c9513d0547170b109449d9b7077f8d323553d519ea52636da6c36127720f7a46e29e1a0388fa8b86f75f5ed3b757edaf288ed0230a6dd1e0b6cfb2a1efdfce9acf5bde8aea92527947e377508da309c8dcfd15a13b989c2c5bbd09e9af1d0e246a7d34f4793d1771d3527b252fccb2e1037f00ac5490ae3c70435947e7bacf7c3aa1b8b96940b747bdc6ba9f3c9aa171e4ad82308cfe900694dabc84a394b2d9fe091faea32accb9878b1c05d3ad87222a75cdc400026169b28593fa4f2c269abab3d3152cb4e45d17a45b86123089fa81f0fa93e05319ac363e2a5555f72776c010909c791fb6b953eeba7054718c6074a06d2090a7aab54ddb5cde5eb9ea1b8bd769ce12aed1e20253e494001281ee1d292827b44f4d87856c338ebd7ceb6ebcd460038ac023a0a5377d833653c8364a9406e797ad205faea24a434c24a540616b391f00295d88770d44f96a221c6983805c50c014ef63414116f4c771bcb8372e8f959f1a5b9a8bd4628b643ed422adf7228eb56d52bbb1e75305b743dbe0b3cab6448567256e27734e9b1f0c65ea070376ed3ef4beefc0462bfa40c0f8d2de294772f90d901356ece01ce73d694858886b9c02463e1f3d5c8d11e87f76bcc869dbc468b6687d5493cae3e478048d93f13f0ab2375d1ba3786fa1499764829b5426c242151d0b71e51ee191ba89acb5389422f2a571f1c236b53ca210397c37f0342a61a001b5593d668b5eacbf3d360e9d816588766e3476c1dbc547a13ee18a4c6b4d4340fee4689f0ecc53963135716f0ba90108a9fc9fa6b62102723ebab0add8230e909a1fe6850c8d3ec6ffb8dbf7f6607eaaa78c5d81f2a579f531815b10811df56351616463f73b03f809a1dbb147073d8379f242687ceaec1796f895b44103b8efe55b30b6d904e3caace376042c0298ede3f400a32de9d4e7769a1e4123355e792e84f2df12ad080b57441f98d742d8e9fef4e7c106ad7b1a6d3fe052af781b51f674ff20dd0848f248aa7c41762796f895085a5d57465cf820fd95d7dc4907fe2ef1fe01ab8a8b3a138210b57f076a38dc27118086929fe0ef4b7c43b449e5fe25314e9e944ed11f3ee695f650a9d37373b42907fccabecaba48812147e4ac9f3cd1845b5fef411e7bd4fda0fee93cb7c4a569d353cf4b74aff00b85fd942a748dcd7ba6d7331e51d7f655d86ed8e0fc57167c9268ca614b4fc98ee63c4a4d4f3efb17e5d148868abbaff00e479d9f28cbfb2b7f78b7b276b35c3fd597f655e56edd2d7d52ee3f352a3faa8516c9407ef0f2bf4926a79effc4bf2ff00128afde25f95d2c7703ee8abfb2844e81d40700586e39f0f555fd957b59b43f8c861e51ef0107eca145b64609119c047e61fb2a79f6bec93cbaee50f1c3dd42a38fb8371ff00545fd942ff005bcd4006f62b90ff00445fd957ad30a51207ab3eaf7a081f550ed5ae6acfb311c49f10851fd554f1ef6ca5f96f89433fadf5fc6ff706e58ff2473ecad8d057e511fda2b80f7c573ecabf6d58a6b870a61e27f449fd54613a7a535d633f93ff003647eaaaf3ed7d922c35fa9403fadfdff07fb4772f84473ecac470fb501dc58ae7fea8e7d95e82a6cefb69ca9a7127cd047f4d768b748270233aaf3e538a0fda1f019e57e279f2387fa83a7dc2b967ce2b9f6575fd6f7506326c572c78faa39f657a122d32fb995378f239a11bb63ca385f68b23b88aafda0fee93ca2ee79e0340df49c7dc4b89ff004473ecab5fe8f771b9dd7490b4dde24b6275b4f6685ca694df68d64f29ca80c918c1f70a9b58b7bc0048696063a918068611968279d393e27359eae2f9ab2b41c28aa6ee991df10784769e24590c1b90534f37954796ca7db655f1ea0f78aa7fc46e0a6a1e1cc857aec2326df93d9dc22a4a9950f3ef49f23e06bd05ec9c58c37923f35268b39642ea0a5c6d250ac8525639b98778237daa52c4ba5a5ee8ba941547747988e4139c6373dc37a2cf5bca8118357eb57fa3368ed55da3ac4572d139593dadbb0119f15347293f0e5350cea8f44ad516b2b5da5f8779632795295762f63cd0adb3ee35d5862e9cfa98a54251e855d720293b729a7169bbab8d2130dc095127d82a3ca07bcd3a35170d2fda75c522eb669b6f233ed3ec29293ee56307e06908e909eec6765330df7a33432b750d9294fbcd68cea4b7032b4381b657195950ca7bf143b67da0690ad3733190a6a4a0bb9230ee7ebf2a712529525250a4ab986460d529581dc90f859c53bef0d2e866d867988b7080fc6747691e40f071b3b1f78c1f3ab71a37d2f34aea688dc5d5d657ad6bd8294db4274427c52957e1103dd5419b42db564127ca9520ea0930149c0e748ee56f4f8cd3167a316d97c15b8dc9abd43956166721b2da5f43b222ac249c904501acb88fa0b4b43f5bb548b0dce687100b4b4bf2165bfc72952f99391d46c7bfa9aa2513892fb2809284edd015118adcfd7b2a6a0ab902920755294afa299995884ffae3d2fa4a7d5d76669c764b0a0a422437cac3673dc3627bba2515597889af2fdc47bdbb76d457376e3315b24b8709403f8a948d923ddf1cd11b8dc9f98a495a8615f909000a48711f85cee697295968128dc4e7d9050b512401b5177a0494c17a42633cf30d0016e21b2528cf4e623a669f7c3bd0cbd79a89703b45311da476afba84e79539c60799e82ac959f4a5bec36c45bedd11088a918e409e62af1249ea4f9d72abe2952d12bb35d3a4e650f4c65c9712120052881ed1dbaf8f414ed6f83faa94028db1412ae8a2ea307bf639ab23ab3815a7751a96f0862d92d593dbc53cb93e68f92688e90d23a8747ac5ae5ac5eacfd1890d1c3b1fc968277479827149962f346f043951ee57f1c19d4ea56d05b1e65e4fdb437f591d4b8056d456fdef0ab56ab228f54f28f3a2ee5a52de3092a3599632a3e8862a312aea782b7c07055181fd327ea143a3823772015cb8a8cf77b46ac8c9b5280cf27283498f5bf9890724f95478ba8cbe4c510d693f474baea6bcb36f627b292bf696e96d452d207551ff00d75a97f49fa33e9bb1ea8b7aa36af5ccbddb5f43eec52da00572ab24606e36f33d2a42e0d476e35d6e71cfe0a5488e3b05abae5249207bb293f0a21a3f405dadbc4088e4a8ce0111e538f48e5f608215ed05743cd91d2b442bcda4c54a096c33f8cfc2a1ab788f6789194ea9e721251ecf44a438e12a3e401c9aebfb1ff87969989b5ced4924de321becf9d20739e839794fcc4f78a98a6bacc5e2dc44b8005bf6aec9a59fcbed09c7cc0d35351becc0d60b8ead0cd4c98e3e1c6a5f68bc3b95652bcf2e06f8cf8535c9deec8ba0c0b3706ec7a4f5b2625fa6a619694d3f01e40f6651ed0613820e37eef1a7c71c2df6579a4ca9b73316e8c455faac21d1ef6f27bbc6933896fdca5eb0d349b8dbd884fa16da876123b6e7497875f64637cf8f5a178f762993eeb0243319e7596a33816e21b2529fc213b9e83fa683368ec825a493152ff7abcf0fa1699951ef52ae0cadc4b4a8b2529e429e549dc81927bb26a7bbecd46a972de98482ebd85a968271d9f4195796f501f17e213a6f4b829d83e818fe0269ff0073d7ade85beda52e214d226a94853e31cad818c73779193f36fdd553a719dd3094a4acd21d3a82db1603adc58925c7e7295caa6d247b27c3de6b68b5daa21ec25dd809636296dbe60838ce09a06de8896cd550a72c9315e755ca1673d92c8eff0089eb4837c8d320dd1f69d694c92e28a484fcac9ea2b9928285de5b9ba32cfa5c583a79e9773315894cb8d7276a64a4fb29475c9f03427def591d0598d7a42e59d817118413e468a69d0f261ddeda8429bb8bcda56da1cc82b4839501ef076f1a6db6e4cb8cf4c361870c9cf2f67ca41491e3e18a0514becdee5dfa5f617a3581c7e45c63c974477a1a42d45c3ec81cdb927c31412ec906e6cbc9b4dd44b92d6ea69e472029ef50f21476f65c7ded4690ac29a80cb4eb87f19c4a864fd229b9a2daecee3315ed38bf517f73b01ecd68c8a2d2b0399bd6e6fee1db2ec5c8b6dbc19373e53d9a4b2436e2bf252aa66bd05e4bab4b8b285a4e0a7a907bc1f8d3a747b6a6b53da72b4a11eb083c836cd20dcd4d26e32801b76cbeefce35735749ad0645fb5aea5bc6dc210e550df4aa8e11aaa711fe1167f940febacacafa056f74f36b72b898a1e560d0ec5a52b5000848f2acacae3d466c821518b43691d7ca95ad76369c50277dfbeb2b2b1cdb34c568389bb5b684f418158a88cb646539acacac8dbb9a6c6061b5fc96923df4222173e71ca9c780acacaab20ec186e00c6eacd0ed43423cbdc2b2b2953d192c1b6da40eece3c6874a727012915959400a6ef60bdeb4845d4f03d5e693d995652507749f1a664bf479625295eab71200df0f27ecacaca2a75671d13152486bde780afc22b4aa5c55803c15f65326edc257232cf24a6811dc338acacaeb529c9daecc55231b5ec2049d11708aa3cb2231c78f37d941234ddc41c76913f95f6565656abb32d906dad31725e007a281ee57d94bd68e13ddaf0538b9c66c938f90aacaca4cdb5a912448f62f444bade149ed2fb146403b737ecd48568f4166d8fc2cbbbc45606721a5ba7e922b2b2b9556b54d7536c2117d078dabd162c2c94b6fde673a46dcacb2db49fe753cacfe8c3a39a524bac49978c6cf49560fcc05656572675aa5af7364211ec3f2c3c18d276757345b1406d693f294c859f9d59a7a47b6c584da5b4b4024744a7648f8565656394e4f7669508ad90ad1636523970948a237cd2b65d4c03178808b9a3621b91928046f9e5cf5f3acaca4b795e81348231f829a2579234bdac0cef96727eba309e0ee8768e0e97b6a8ff8918acaca746727d4ced6a1a6b851a391f234bda40f38c0d196b855a509f674dda40ff254fd95959412a934f716d079be18e946397fdce5ac93ff004447d94a71f871a78a414586d481dd8888fb2b2b2879927d41619468ad3f1ce0d92dea3fe4a803eaa1469bb337fbdd9adc8c7fd15bfb2b2b29aa4edb912395592dbce7fb5d0ffd59bfd9ac4592073e13021a7fd1d1f6565650e665d81176b8a8dcc763e0ca47eaae5288a8561115a49f1ecd3f6565654cf25d4964089e51fded03dc815d371d2f2b0108f7a935959533325832c2520e3e800268653281d520fc3359594d8b76258e5120a4f20030686434a51dd431e559594c8b7712ce9080d2c72d0c22a15ed630af7d656569429b3aec12b182338da812d946c15ca3cab2b2b349ea1c5ea6f76c03927e35a585389dd5b565652db7b04f7030df2e318adb8d818e6df3d2b2b2aed60c0551413ddf35721a40572a47b5e245656544c869c8297080a57c394570bb6464004b493e04a413595942d846c4242d3b211cbe05237a252223091ed34851f348acaca449b09098ea5852480ca00fd0149b210d1ca436903c0240acaca904a4f518b40b39694486c8e46b94f54a90140fc3148772e1e5827b6b44bb6c7702814a82101008f0c0acacabcf283f658c54e0d36d1106a5f42ad057d714ec054fb238ac92961d0e379f24ac1c7c0d30a77a05c88af8365d609f244c878fa524fd559595d3c3626b4b47231d6a505aa433b53fa2eea9d2e17db5d2d12f19dd0a75bfa390d4617ed3f374f3a1a94585affe696543e729159595e863ee26731c5262299c94ab051f4d2c5ba3c8b9a12d30508e638f6894fd40d6565310361ef67e055f6f6ea42665b9b0b19495b8e1c0f7047eba78da7d1507e0dcbd5f79db49c16e0b3ca49fd251cfd15959582bce51bd99aa94537a92ae99e1ed974543543b4c243292429c7164a96e2bc54aea6963ee1392d270ea5b481d13e159595c372724dbdce9654b63474d2027db5f3500f591a48ebd2b2b2a83b05ddb2358055bd137ad8da14529000e95959513b92c177ecad96895e08a45910988ea3ca8acaca2404b60b212e32ea1d65c2cb883cc85b648524f88229564f10afe1b423d747b041e6ec93cca23c4e2b2b28a33945bb315953b0d9bf5e2e17f9cccd9723325a484b6e3690829c1241db1839277a5163895a89b63b212da59c101c719495fcf595944aa4b36e5654ec34e7b8fca9a66bf21c7e6737376cb51ce4787852bcfe20dfae9697edd2a625e8cf2391c2a693cca1e64565653e3269d82718e9a056f5a9ae77f8d1989b212f3511416d8ecd29c1c6dd078628b6a2d4370d54593737c3e63f3251842538cf5e83cab2b2863393dd83b5876698d7b7890eb70253e9911021294a54da79863a1ce339a7e275b5e6331c8d4b3d98f93da2428a7dc48dab2b295393dee688c558477674b9533d71e94eaa428e7b5e73cdf38faa958eb5bc3d1cb266286460b81202c8f35019acaca5ca728b7665b8aca826d5d24b2dc96d2e1224a025de6dca8673d4f9d1562f8fdb9f75518f66b5a14d28e01f648dc7cd59595716dee36c947409c39aec398cca655c8f32a0b428ef83dd497267f3c8716a054a5a8a89f3277fa7359594c6f42e2bda3ffd9, 1, '2019-10-31 18:42:14', '2019-10-31 18:42:14');

-- --------------------------------------------------------

--
-- Table structure for table `ebon_sessions`
--

CREATE TABLE `ebon_sessions` (
  `id` varchar(128) NOT NULL,
  `ip_address` varchar(45) NOT NULL,
  `timestamp` int(10) UNSIGNED NOT NULL DEFAULT '0',
  `data` blob NOT NULL
) ENGINE=MyISAM DEFAULT CHARSET=latin1;

--
-- Dumping data for table `ebon_sessions`
--

INSERT INTO `ebon_sessions` (`id`, `ip_address`, `timestamp`, `data`) VALUES
('d24f048d080f9d74dd8a08e2e7cb53311274174a', '180.248.43.244', 1560316935, 0x5f5f63695f6c6173745f726567656e65726174657c693a313536303331363839393b636c69656e745f65626f6e7061737c613a333a7b733a383a226c6f67696e5f6964223b733a32373a224c474e2d32303533363033302d3230313930323038303334313534223b733a31353a2263757272656e745f757365725f6964223b733a32383a225553522d3537353036383838392d3230313930323033303931323231223b733a343a22726f6c65223b693a303b7d),
('92ae7431336d64a999013cbe2c4cf1c5e5e13077', '37.9.113.148', 1559018734, 0x5f5f63695f6c6173745f726567656e65726174657c693a313535393031383733343b),
('a6190bc452c5a1cb139e0faa9e6e5a0c2ea2d993', '37.9.113.176', 1559746973, 0x5f5f63695f6c6173745f726567656e65726174657c693a313535393734363937323b),
('36e82c7c3f40929a54cca38928e5e81c86a61d8f', '5.45.207.83', 1557990549, 0x5f5f63695f6c6173745f726567656e65726174657c693a313535373939303534383b),
('1a42581626c2abb78dd55be2b867000ab7429122', '103.77.157.243', 1558665112, 0x5f5f63695f6c6173745f726567656e65726174657c693a313535383636353131313b),
('a48a21b2099958334569a050ad658082cdab5c3e', '213.180.203.16', 1556472225, 0x5f5f63695f6c6173745f726567656e65726174657c693a313535363437323232353b),
('3012a27ff987083415b7ecf5ab31ba9aaeeb7e7c', '37.9.113.89', 1557238411, 0x5f5f63695f6c6173745f726567656e65726174657c693a313535373233383431303b),
('84f9f75dad8f3894b17f080513c6280ae519128b', '64.233.173.28', 1554569723, 0x5f5f63695f6c6173745f726567656e65726174657c693a313535343536393732333b),
('bb5ed3f12a064e80572e48609479f7e754757c70', '37.9.113.148', 1555467779, 0x5f5f63695f6c6173745f726567656e65726174657c693a313535353436373737383b),
('16442880096ac6727f6f7848c95956490a66648c', '141.8.132.25', 1554527034, 0x5f5f63695f6c6173745f726567656e65726174657c693a313535343532373033333b),
('713663a9d00f8528d2d3edee3df7783e4377f1a2', '64.233.173.28', 1554563540, 0x5f5f63695f6c6173745f726567656e65726174657c693a313535343536333534303b),
('c38fd2b414f28abc5781ab3b086b2f6476bfcadf', '64.233.173.26', 1554564291, 0x5f5f63695f6c6173745f726567656e65726174657c693a313535343536333537313b),
('a85f55bec8038711fd52067f0e068f9e64eb42e4', '114.4.219.10', 1554206443, 0x5f5f63695f6c6173745f726567656e65726174657c693a313535343230363434333b),
('53f0aaafe5616e370887345b2b7dfa9e9144b706', '114.4.219.10', 1554207285, 0x5f5f63695f6c6173745f726567656e65726174657c693a313535343230373030303b636c69656e745f65626f6e7061737c613a333a7b733a383a226c6f67696e5f6964223b733a32373a224c474e2d32303533363033302d3230313930323038303334313534223b733a31353a2263757272656e745f757365725f6964223b733a32383a225553522d3537353036383838392d3230313930323033303931323231223b733a343a22726f6c65223b693a303b7d),
('03dc18c3c70d43466937dd95532972f23166ce88', '114.125.95.217', 1554638886, 0x5f5f63695f6c6173745f726567656e65726174657c693a313535343230363035393b636c69656e745f65626f6e7061737c613a333a7b733a383a226c6f67696e5f6964223b733a32373a224c474e2d32303533363033302d3230313930323038303334313534223b733a31353a2263757272656e745f757365725f6964223b733a32383a225553522d3537353036383838392d3230313930323033303931323231223b733a343a22726f6c65223b693a303b7d),
('f1c08993764cb79d727bd5be4f9bd37c37b8f0d8', '114.125.92.218', 1554206334, 0x5f5f63695f6c6173745f726567656e65726174657c693a313535343230353938323b61646d696e5f65626f6e7061737c613a333a7b733a383a226c6f67696e5f6964223b733a313a2231223b733a31353a2263757272656e745f757365725f6964223b733a32363a225553522d38303638323031383131313830333337333835373838223b733a343a22726f6c65223b693a313b7d),
('828049b095201ff70d28f11b1db1ef433946bef9', '178.154.171.15', 1553448858, 0x5f5f63695f6c6173745f726567656e65726174657c693a313535333434383835373b),
('e63602966b7bbe6563af84f6e1bc8c74fa403da3', '114.125.78.78', 1554206949, 0x5f5f63695f6c6173745f726567656e65726174657c693a313535343230353930393b636c69656e745f65626f6e7061737c613a333a7b733a383a226c6f67696e5f6964223b733a32373a224c474e2d32303533363033302d3230313930323038303334313534223b733a31353a2263757272656e745f757365725f6964223b733a32383a225553522d3537353036383838392d3230313930323033303931323231223b733a343a22726f6c65223b693a303b7d),
('d3e2cfd44d0f260ece4129bc127510f1e03858e6', '64.233.173.28', 1553253625, 0x5f5f63695f6c6173745f726567656e65726174657c693a313535333235333632353b),
('2ddd28d9f9fd84736463153eb4af0ac00c1bd5fb', '213.180.203.16', 1553334718, 0x5f5f63695f6c6173745f726567656e65726174657c693a313535333333343731373b),
('8b6428abceb5f0ea1eba05d9abd0199611567905', '64.233.173.28', 1552818453, 0x5f5f63695f6c6173745f726567656e65726174657c693a313535323831383238373b61646d696e5f65626f6e7061737c613a333a7b733a383a226c6f67696e5f6964223b733a313a2231223b733a31353a2263757272656e745f757365725f6964223b733a32363a225553522d38303638323031383131313830333337333835373838223b733a343a22726f6c65223b693a313b7d),
('3778012d4d09d0688d4491cf34e5053b2db76b4f', '213.180.203.50', 1553196829, 0x5f5f63695f6c6173745f726567656e65726174657c693a313535333139363832383b),
('c5dc4825c83e83045eca47770a21af5ffdcecfd9', '64.233.173.26', 1552818285, 0x5f5f63695f6c6173745f726567656e65726174657c693a313535323831383238343b),
('f77bd57141a413aedf52f20672397bd605a89021', '202.67.46.36', 1552615985, 0x5f5f63695f6c6173745f726567656e65726174657c693a313535323631353938343b),
('9ff4f2023722286f907fb0a5fc2ddfe653bf295c', '116.206.40.52', 1552531969, 0x5f5f63695f6c6173745f726567656e65726174657c693a313535323533313830363b636c69656e745f65626f6e7061737c613a333a7b733a383a226c6f67696e5f6964223b733a32373a224c474e2d32303533363033302d3230313930323038303334313534223b733a31353a2263757272656e745f757365725f6964223b733a32383a225553522d3537353036383838392d3230313930323033303931323231223b733a343a22726f6c65223b693a303b7d),
('485723e04afa7de9c8daf1f6412b2246d8a1a95c', '95.24.3.253', 1560392905, 0x5f5f63695f6c6173745f726567656e65726174657c693a313536303339323930343b);

-- --------------------------------------------------------

--
-- Table structure for table `login`
--

CREATE TABLE `login` (
  `login_id` varchar(50) NOT NULL,
  `user_id` varchar(50) NOT NULL,
  `username` varchar(30) NOT NULL,
  `password` text NOT NULL,
  `published` tinyint(1) NOT NULL DEFAULT '1',
  `user_login_created_at` timestamp NOT NULL DEFAULT CURRENT_TIMESTAMP,
  `user_login_updated_at` timestamp NOT NULL DEFAULT CURRENT_TIMESTAMP,
  `user_login_role` tinyint(1) NOT NULL DEFAULT '1'
) ENGINE=MyISAM DEFAULT CHARSET=latin1;

--
-- Dumping data for table `login`
--

INSERT INTO `login` (`login_id`, `user_id`, `username`, `password`, `published`, `user_login_created_at`, `user_login_updated_at`, `user_login_role`) VALUES
('1', 'USR-8068201811180337385788', 'admin', 'admin', 1, '2019-06-19 11:58:16', '2019-06-19 11:58:16', 1),
('2', 'USR-8068201811180337385788', 'user', 'user', 1, '2019-06-19 11:58:16', '2019-06-19 11:58:16', 0),
('LGN-19741336-20190208075234', 'USR-8068201811180337385788', 'adminbaru', 'adminbaru', 1, '2019-06-19 11:58:16', '2019-06-19 11:58:16', 1),
('LGN-20536030-20190208034154', 'USR-575068889-20190203091221', 'username-mania', 'user1', 1, '2019-06-19 11:58:16', '2019-06-19 11:58:16', 1),
('LGN-21143506-20190208012521', 'USR-575068889-20190203091221', 'user123456', 'user1', 0, '2019-06-19 11:58:16', '2019-06-19 11:58:16', 0),
('LGN-24137646-20190208085316', 'USR-981722657-20190203100541', '1111', 'user009', 1, '2019-06-19 11:58:16', '2019-06-19 11:58:16', 0),
('LGN-41907154-20190208075342', 'LGN-41907154-20190208075342', 'qwerty', 'admin234', 0, '2019-06-19 11:58:16', '2019-06-19 11:58:16', 1),
('LGN-1560764223378107699218', 'LGN-1560764223378107699218', 'makanbang', 'user1234', 0, '2019-06-19 11:58:16', '2019-06-19 11:58:16', 1),
('LGN-1560764272069446140847', 'USR-8068201811180337385788', 'adas12312', '342354634', 1, '2019-06-19 11:58:16', '2019-06-19 11:58:16', 0),
('LGN-15725396558474531355', 'USR-1560770359030417829435', 'admin123', 'admin123', 1, '2019-10-31 16:34:15', '2019-10-31 16:34:15', 1),
('LGN-157254002036513994941', 'USR-575068889-20190203091221', 'okedong', 'okedong', 1, '2019-10-31 16:40:20', '2019-10-31 16:40:20', 0);

-- --------------------------------------------------------

--
-- Table structure for table `master_blok`
--

CREATE TABLE `master_blok` (
  `blok_master_id` varchar(50) NOT NULL,
  `blok_nama` text NOT NULL,
  `blok_published` tinyint(1) NOT NULL DEFAULT '1',
  `blok_created_at` timestamp NOT NULL DEFAULT CURRENT_TIMESTAMP,
  `blok_updated_at` timestamp NOT NULL DEFAULT CURRENT_TIMESTAMP
) ENGINE=MyISAM DEFAULT CHARSET=latin1;

--
-- Dumping data for table `master_blok`
--

INSERT INTO `master_blok` (`blok_master_id`, `blok_nama`, `blok_published`, `blok_created_at`, `blok_updated_at`) VALUES
('BLK-001', 'BLOK 1', 1, '2019-06-19 11:58:16', '2019-06-19 11:58:16'),
('BLK-002', 'BLOK 2', 1, '2019-06-19 11:58:16', '2019-06-19 11:58:16'),
('BLK-004', 'BLOK 4', 1, '2019-06-19 11:58:16', '2019-06-19 11:58:16'),
('BLK-005', 'BLOK 5', 1, '2019-06-19 11:58:16', '2019-06-19 11:58:16'),
('BLOK-003', 'BLOK 3', 1, '2019-06-19 11:58:16', '2019-06-19 11:58:16'),
('BLK-157037761671919139873', 'BLOK 6', 1, '2019-10-06 16:00:16', '2019-10-06 16:00:16'),
('BLK-157037773778890540739', 'BLOK 7', 1, '2019-10-06 16:02:17', '2019-10-06 16:02:17');

-- --------------------------------------------------------

--
-- Table structure for table `master_kamar`
--

CREATE TABLE `master_kamar` (
  `master_kamar_id` varchar(50) NOT NULL,
  `master_blok_id` varchar(50) NOT NULL,
  `nama_kamar` text NOT NULL,
  `kamar_published` tinyint(1) NOT NULL DEFAULT '1',
  `kamar_created_at` timestamp NOT NULL DEFAULT CURRENT_TIMESTAMP,
  `kamar_updated_at` timestamp NOT NULL DEFAULT CURRENT_TIMESTAMP
) ENGINE=MyISAM DEFAULT CHARSET=latin1;

--
-- Dumping data for table `master_kamar`
--

INSERT INTO `master_kamar` (`master_kamar_id`, `master_blok_id`, `nama_kamar`, `kamar_published`, `kamar_created_at`, `kamar_updated_at`) VALUES
('KMR-13554781-20190123024355', 'BLK-005', 'kamar 6', 1, '2019-06-19 11:58:17', '2019-06-19 11:58:17'),
('KMR-164365261-20190123023044', 'BLK-001', 'kamar 2', 1, '2019-06-19 11:58:17', '2019-06-19 11:58:17'),
('KMR-34296765-20190123023053', 'BLK-001', 'kamar 3', 1, '2019-06-19 11:58:17', '2019-06-19 11:58:17'),
('KMR-461675155-20190123021437', 'BLK-001', 'kamar 1', 1, '2019-06-19 11:58:17', '2019-06-19 11:58:17'),
('KMR-95031715-20190123074509', 'BLK-002', 'Sel 1', 1, '2019-06-19 11:58:17', '2019-06-19 11:58:17'),
('KMR-157037388068298278674', 'BLK-002', 'kamar 1', 1, '2019-10-06 14:58:00', '2019-10-06 14:58:00'),
('KMR-157037474281497838709', 'BLK-002', 'kamar 2', 1, '2019-10-06 15:12:22', '2019-10-06 15:12:22'),
('KMR-157037681559568992202', 'BLK-002', 'kamar 3', 1, '2019-10-06 15:46:55', '2019-10-06 15:46:55'),
('KMR-157037692222170966151', 'BLK-002', 'kamar 5', 1, '2019-10-06 15:48:42', '2019-10-06 15:48:42'),
('KMR-157214519000639762288', 'BLK-157037773778890540739', 'kamar 2', 1, '2019-10-27 02:59:50', '2019-10-27 02:59:50'),
('KMR-157218237188316037478', 'BLK-001', 'kamar 7', 1, '2019-10-27 13:19:31', '2019-10-27 13:19:31');

-- --------------------------------------------------------

--
-- Table structure for table `master_subagian`
--

CREATE TABLE `master_subagian` (
  `subagian_id` int(11) NOT NULL,
  `nama` text NOT NULL,
  `bagian_warna` text NOT NULL,
  `published` tinyint(1) NOT NULL DEFAULT '1'
) ENGINE=MyISAM DEFAULT CHARSET=latin1;

--
-- Dumping data for table `master_subagian`
--

INSERT INTO `master_subagian` (`subagian_id`, `nama`, `bagian_warna`, `published`) VALUES
(1, 'TU', '23eae6', 1),
(2, 'KPLP', 'e86ed0', 1),
(3, 'REGISTRASI', '94fc13', 1),
(4, 'PLOKLINIK', 'd34848', 1),
(5, 'KAMTIB', 'e41749', 1),
(6, 'KOPERASI', '7b88ff', 1),
(7, 'BIMPAS', 'ffe837', 1),
(8, 'BENGKER', 'ff0b55', 1),
(9, 'POS 3.1', 'f9fd50', 1),
(10, '10', '1111', 1),
(11, 'oke makanbang', 'b31a1aff', 1),
(12, 'oke oke', 'b31a1aff', 1),
(13, 'makna bang', 'e6e64dff', 1),
(14, '', 'ffffffff', 1);

-- --------------------------------------------------------

--
-- Table structure for table `notif`
--

CREATE TABLE `notif` (
  `notif_id` int(100) NOT NULL,
  `notif_user_id` varchar(50) NOT NULL,
  `notif_user_role` int(2) NOT NULL,
  `notif_url` text NOT NULL,
  `notif_status` tinyint(1) NOT NULL DEFAULT '1'
) ENGINE=MyISAM DEFAULT CHARSET=latin1;

--
-- Indexes for dumped tables
--

--
-- Indexes for table `bon`
--
ALTER TABLE `bon`
  ADD PRIMARY KEY (`bon_id`);

--
-- Indexes for table `bon_detail`
--
ALTER TABLE `bon_detail`
  ADD PRIMARY KEY (`bon_detail_id`);

--
-- Indexes for table `data_napi`
--
ALTER TABLE `data_napi`
  ADD PRIMARY KEY (`napi_id`),
  ADD KEY `napi_kamar` (`napi_kamar`),
  ADD KEY `napi_booked_by` (`napi_booked_by`);

--
-- Indexes for table `data_pegawai`
--
ALTER TABLE `data_pegawai`
  ADD PRIMARY KEY (`user_id`);

--
-- Indexes for table `ebon_sessions`
--
ALTER TABLE `ebon_sessions`
  ADD KEY `ci_sessions_timestamp` (`timestamp`);

--
-- Indexes for table `login`
--
ALTER TABLE `login`
  ADD PRIMARY KEY (`login_id`),
  ADD KEY `user_id` (`user_id`);

--
-- Indexes for table `master_blok`
--
ALTER TABLE `master_blok`
  ADD PRIMARY KEY (`blok_master_id`);

--
-- Indexes for table `master_kamar`
--
ALTER TABLE `master_kamar`
  ADD PRIMARY KEY (`master_kamar_id`),
  ADD KEY `master_blok_id` (`master_blok_id`);

--
-- Indexes for table `master_subagian`
--
ALTER TABLE `master_subagian`
  ADD PRIMARY KEY (`subagian_id`);

--
-- Indexes for table `notif`
--
ALTER TABLE `notif`
  ADD PRIMARY KEY (`notif_id`),
  ADD KEY `notif_user_id` (`notif_user_id`);

--
-- AUTO_INCREMENT for dumped tables
--

--
-- AUTO_INCREMENT for table `master_subagian`
--
ALTER TABLE `master_subagian`
  MODIFY `subagian_id` int(11) NOT NULL AUTO_INCREMENT, AUTO_INCREMENT=15;
--
-- AUTO_INCREMENT for table `notif`
--
ALTER TABLE `notif`
  MODIFY `notif_id` int(100) NOT NULL AUTO_INCREMENT;
/*!40101 SET CHARACTER_SET_CLIENT=@OLD_CHARACTER_SET_CLIENT */;
/*!40101 SET CHARACTER_SET_RESULTS=@OLD_CHARACTER_SET_RESULTS */;
/*!40101 SET COLLATION_CONNECTION=@OLD_COLLATION_CONNECTION */;
