-- phpMyAdmin SQL Dump
-- version 4.6.6deb5
-- https://www.phpmyadmin.net/
--
-- Host: localhost:3306
-- Generation Time: Oct 09, 2019 at 02:10 PM
-- Server version: 5.7.27-0ubuntu0.18.04.1
-- PHP Version: 7.2.19-0ubuntu0.18.04.2

SET SQL_MODE = "NO_AUTO_VALUE_ON_ZERO";
SET time_zone = "+00:00";


/*!40101 SET @OLD_CHARACTER_SET_CLIENT=@@CHARACTER_SET_CLIENT */;
/*!40101 SET @OLD_CHARACTER_SET_RESULTS=@@CHARACTER_SET_RESULTS */;
/*!40101 SET @OLD_COLLATION_CONNECTION=@@COLLATION_CONNECTION */;
/*!40101 SET NAMES utf8mb4 */;

--
-- Database: `ebonpas`
--

-- --------------------------------------------------------

--
-- Table structure for table `bon`
--

CREATE TABLE `bon` (
  `bon_id` varchar(50) NOT NULL,
  `bon_user` varchar(50) NOT NULL,
  `bon_keterangan` text NOT NULL,
  `bon_status` text NOT NULL,
  `bon_jam_masuk` datetime NOT NULL,
  `bon_jam_keluar` datetime NOT NULL,
  `bon_created_at` timestamp NOT NULL DEFAULT CURRENT_TIMESTAMP,
  `bon_updated_at` timestamp NOT NULL DEFAULT CURRENT_TIMESTAMP,
  `bon_subagian` varchar(50) NOT NULL
) ENGINE=MyISAM DEFAULT CHARSET=latin1;

--
-- Dumping data for table `bon`
--

INSERT INTO `bon` (`bon_id`, `bon_user`, `bon_keterangan`, `bon_status`, `bon_jam_masuk`, `bon_jam_keluar`, `bon_created_at`, `bon_updated_at`, `bon_subagian`) VALUES
('BON-201695-20190219075753', 'USR-8068201811180337385788', '', 'arsip', '2019-02-19 07:57:53', '2019-02-19 07:57:53', '2019-06-19 11:58:16', '2019-06-19 11:58:16', '1'),
('BON-41160487-20190208065648', 'USR-8068201811180337385788', '', 'selesai', '2019-02-08 18:56:49', '2019-02-08 18:56:49', '2019-06-19 11:58:16', '2019-06-19 11:58:16', '1'),
('BON-46913960-20190208085137', 'USR-8068201811180337385788', 'keterangan test 1', 'selesai', '2019-02-08 20:51:00', '2019-02-08 20:51:00', '2019-06-19 11:58:16', '2019-06-19 11:58:16', '1'),
('BON-57269642-20190208040042', 'USR-575068889-20190203091221', 'membantu mengangkat bangku', 'selesai', '0000-00-00 00:00:00', '0000-00-00 00:00:00', '2019-06-19 11:58:16', '2019-06-19 11:58:16', '3'),
('BON-76762947-20190207082605', 'USR-8068201811180337385788', 'asdasd', 'selesai', '2019-02-07 16:00:00', '2019-02-07 12:30:00', '2019-06-19 11:58:16', '2019-06-19 11:58:16', '1'),
('BON-83914049-20190208085443', 'USR-981722657-20190203100541', 'keterangan test 1', 'selesai', '2019-02-08 20:54:00', '2019-02-08 20:54:00', '2019-06-19 11:58:16', '2019-06-19 11:58:16', '5'),
('BON-79886704-20190309122351', 'USR-575068889-20190203091221', '', 'menunggu', '2019-03-09 00:23:51', '2019-03-09 00:23:51', '2019-06-19 11:58:16', '2019-06-19 11:58:16', '3'),
('BON-56278283-20190311044845', 'USR-575068889-20190203091221', '', 'terima', '2019-03-11 04:48:45', '2019-03-11 04:48:45', '2019-06-19 11:58:16', '2019-06-19 11:58:16', '3'),
('BON-12672025-20190317062725', 'USR-8068201811180337385788', 'Memasak', 'tolak', '2019-03-17 06:27:25', '2019-02-03 00:00:00', '2019-06-19 11:58:16', '2019-06-19 11:58:16', '1'),
('BON-4288684-20190317062730', 'USR-8068201811180337385788', 'Memasak', 'terima', '2019-03-17 06:27:30', '2019-02-03 00:00:00', '2019-06-19 11:58:16', '2019-06-19 11:58:16', '1'),
('BON-1560751691728948421851', 'USR-8068201811180337385788', 'adasdas', 'menunggu', '2019-07-17 13:08:00', '2019-07-17 13:08:00', '2019-06-19 11:58:16', '2019-06-19 11:58:16', '1'),
('BON-1560752130549119872768', 'USR-8068201811180337385788', 'asdasd', 'menunggu', '2019-07-18 13:15:00', '2019-07-17 13:15:00', '2019-06-19 11:58:16', '2019-06-19 11:58:16', '1'),
('BON-1560950245206893538661', 'USR-8068201811180337385788', 'asdasdas', 'menunggu', '2019-07-20 20:17:00', '2019-07-19 20:17:00', '2019-06-19 13:17:25', '2019-06-19 13:17:25', '1'),
('BON-1560950270457935585527', 'USR-8068201811180337385788', 'asdasdas', 'menunggu', '2019-07-20 20:17:00', '2019-07-19 20:17:00', '2019-06-19 13:17:50', '2019-06-19 13:17:50', '1'),
('BON-1560950317403250791070', 'USR-8068201811180337385788', 'makan siang', 'arsip', '2019-07-19 23:18:00', '2019-07-19 20:18:00', '2019-06-19 13:18:37', '2019-06-19 13:18:37', '1'),
('BON-157058495300871836622', 'USR-8068201811180337385788', 'oke makan makan', 'menunggu', '2019-10-09 00:00:00', '2019-10-16 00:00:00', '2019-10-09 01:35:53', '2019-10-09 01:35:53', '1'),
('BON-157058540323836028981', 'USR-8068201811180337385788', 'bakan lagi', 'menunggu', '2019-10-09 00:00:00', '2019-10-10 00:00:00', '2019-10-09 01:43:23', '2019-10-09 01:43:23', '1'),
('BON-15705854065584988769', 'USR-8068201811180337385788', 'bakan lagi', 'menunggu', '2019-10-09 00:00:00', '2019-10-10 00:00:00', '2019-10-09 01:43:26', '2019-10-09 01:43:26', '1');

-- --------------------------------------------------------

--
-- Table structure for table `bon_detail`
--

CREATE TABLE `bon_detail` (
  `bon_detail_id` varchar(50) NOT NULL,
  `bon_id` varchar(50) NOT NULL,
  `napi_id` varchar(50) NOT NULL
) ENGINE=MyISAM DEFAULT CHARSET=latin1;

--
-- Dumping data for table `bon_detail`
--

INSERT INTO `bon_detail` (`bon_detail_id`, `bon_id`, `napi_id`) VALUES
('BDT-10278090-20190207075323', 'BON-90660210-20190207075323', 'NPI-1396820-20190203085021'),
('BDT-2233575-20190219075753', 'BON-201695-20190219075753', 'NPI-1396820-20190203085021'),
('BDT-26005303-20190208085137', 'BON-46913960-20190208085137', 'NPI-53253045-20190207065539'),
('BDT-276508-20190207082605', 'BON-76762947-20190207082605', 'NPI-1396820-20190203085021'),
('BDT-73101635-20190207081527', 'BON-87976348-20190207081527', 'NPI-1396820-20190203085021'),
('BDT-7682613-20190208040042', 'BON-57269642-20190208040042', 'NPI-1396820-20190203085021'),
('BDT-78332947-20190207075451', 'BON-22898626-20190207075451', 'NPI-53253045-20190207065539'),
('BDT-84556640-20190208085443', 'BON-83914049-20190208085443', 'NPI-1396820-20190203085021'),
('BDT-95045570-20190219075753', 'BON-201695-20190219075753', 'NPI-53253045-20190207065539'),
('BDT-156075213084930317728', 'BON-1560752130549119872768', 'NPI-1396820-20190203085021'),
('BDT-1560752130849612321796', 'BON-1560752130549119872768', 'NPI-53253045-20190207065539'),
('BDT-1560950245216281820026', 'BON-1560950245206893538661', 'NPI-1396820-20190203085021'),
('BDT-1560950245216603772307', 'BON-1560950245206893538661', 'NPI-1560930040820571828648'),
('BDT-156095027046632182513', 'BON-1560950270457935585527', 'NPI-1396820-20190203085021'),
('BDT-1560950270466111713884', 'BON-1560950270457935585527', 'NPI-1560930040820571828648'),
('BDT-1560950317409122257588', 'BON-1560950317403250791070', 'NPI-1396820-20190203085021'),
('BDT-1560950317409432471417', 'BON-1560950317403250791070', 'NPI-1560930040820571828648'),
('BDT-157058495308728281718', 'BON-157058495300871836622', 'NPI-1396820-20190203085021'),
('BDT-157058495497691976707', 'BON-157058495300871836622', 'NPI-1560930070859312594270'),
('BDT-157058540327289096088', 'BON-157058540323836028981', 'NPI-53253045-20190207065539'),
('BDT-157058540328686927408', 'BON-157058540323836028981', 'NPI-157021224999933479779'),
('BDT-157058540656237564136', 'BON-15705854065584988769', 'NPI-53253045-20190207065539'),
('BDT-15705854065698899906', 'BON-15705854065584988769', 'NPI-157021224999933479779');

-- --------------------------------------------------------

--
-- Table structure for table `data_napi`
--

CREATE TABLE `data_napi` (
  `napi_id` varchar(50) NOT NULL,
  `napi_foto` text NOT NULL,
  `napi_no_reg` text NOT NULL,
  `napi_nama` text NOT NULL,
  `napi_kamar` varchar(50) NOT NULL,
  `napi_sex` tinyint(1) NOT NULL DEFAULT '1',
  `napi_published` tinyint(1) NOT NULL DEFAULT '1',
  `napi_booked` tinyint(1) NOT NULL DEFAULT '0',
  `napi_booked_by` varchar(50) NOT NULL DEFAULT '0',
  `napi_created_at` timestamp NOT NULL DEFAULT CURRENT_TIMESTAMP,
  `napi_updated_at` timestamp NOT NULL DEFAULT CURRENT_TIMESTAMP
) ENGINE=MyISAM DEFAULT CHARSET=latin1;

--
-- Dumping data for table `data_napi`
--

INSERT INTO `data_napi` (`napi_id`, `napi_foto`, `napi_no_reg`, `napi_nama`, `napi_kamar`, `napi_sex`, `napi_published`, `napi_booked`, `napi_booked_by`, `napi_created_at`, `napi_updated_at`) VALUES
('NPI-1396820-20190203085021', 'http://localhost/ebon/uploads/napi/foto-NPI-1396820-20190203085021.jpg', '12', 'napi 2', 'KMR-164365261-20190123023044', 1, 1, 0, '', '2019-06-19 11:58:16', '2019-06-19 11:58:16'),
('NPI-53253045-20190207065539', 'http://localhost/ebon/uploads/napi/foto-NPI-53253045-20190207065539.png', '11', 'napi 3', 'KMR-164365261-20190123023044', 1, 1, 0, '', '2019-06-19 11:58:16', '2019-06-19 11:58:16'),
('NPI-1560930040820571828648', 'lorem', '12312', 'asdasdasdas', 'KMR-164365261-20190123023044', 1, 0, 0, '', '2019-06-19 11:58:16', '2019-06-19 11:58:16'),
('NPI-1560930070859312594270', 'lorem', '23423423', 'asdasdasda', 'KMR-164365261-20190123023044', 1, 1, 0, '', '2019-06-19 11:58:16', '2019-06-19 11:58:16'),
('NPI-157008770756226295785', 'lorem', 'LPS/03-10-2019 14:28:16/VII/91494', 'ASAs', 'KMR-461675155-20190123021437', 1, 1, 0, '', '2019-10-03 07:28:28', '2019-10-03 07:28:28'),
('NPI-157008782987643434351', 'lorem', 'LPS/03-10-2019 14:30:12/VII/96288', 'oke', 'kmr-090', 1, 0, 0, '', '2019-10-03 07:30:30', '2019-10-03 07:30:30'),
('NPI-157008787076566209796', 'lorem', 'LPS/03-10-2019 14:31:01/VII/992868', 'tambah lagi', 'kmr-090', 1, 0, 0, '', '2019-10-03 07:31:11', '2019-10-03 07:31:11'),
('NPI-157021024249363883944', 'lorem', 'LPS/05-10-2019 00:30:20/VII/212490', '', 'kmr-090', 1, 0, 0, '', '2019-10-04 17:30:42', '2019-10-04 17:30:42'),
('NPI-157021224999933479779', 'lorem', 'LPS/05-10-2019 00:58:50/VII/694824', 'ganti nama yaa', 'KMR-461675155-20190123021437', 1, 1, 0, '', '2019-10-04 18:04:10', '2019-10-04 18:04:10'),
('NPI-157021285041659922112', 'lorem', 'LPS/05-10-2019 01:13:57/VII/248472', 'tukang sol sepatu', 'KMR-95031715-20190123074509', 1, 1, 0, '', '2019-10-04 18:14:10', '2019-10-04 18:14:10'),
('NPI-157021388598247340579', 'lorem', 'LPS/05-10-2019 01:31:11/VII/730687', 'oke', 'KMR-164365261-20190123023044', 1, 1, 0, '', '2019-10-04 18:31:26', '2019-10-04 18:31:26'),
('NPI-157021428638776280567', 'lorem', 'LPS/05-10-2019 01:37:54/VII/937616', 'aku adalah anka gembala', 'KMR-95031715-20190123074509', 1, 1, 0, '', '2019-10-04 18:38:06', '2019-10-04 18:38:06'),
('NPI-157024047323088152747', 'lorem', 'LPS/05-10-2019 08:54:20/VII/896291', 'tambah baru oi', 'KMR-34296765-20190123023053', 1, 1, 0, '', '2019-10-05 01:54:33', '2019-10-05 01:54:33'),
('NPI-157033464110080193215', 'lorem', 'LPS/06-10-2019 11:03:48/VII/283311', 'tambah lagi', 'KMR-34296765-20190123023053', 0, 1, 0, '', '2019-10-06 04:04:01', '2019-10-06 04:04:01');

-- --------------------------------------------------------

--
-- Table structure for table `data_pegawai`
--

CREATE TABLE `data_pegawai` (
  `user_id` varchar(50) NOT NULL,
  `nip_pegawai` int(50) NOT NULL,
  `nama_pegawai` text NOT NULL,
  `subag_pegawai` text NOT NULL,
  `jenis_kelamin_pegawai` tinyint(1) NOT NULL DEFAULT '1',
  `ttd_pegawai` text NOT NULL,
  `pegawai_published` tinyint(1) NOT NULL DEFAULT '1',
  `pegawai_created_at` timestamp NOT NULL DEFAULT CURRENT_TIMESTAMP,
  `pagawai_updated_at` timestamp NOT NULL DEFAULT CURRENT_TIMESTAMP
) ENGINE=MyISAM DEFAULT CHARSET=latin1;

--
-- Dumping data for table `data_pegawai`
--

INSERT INTO `data_pegawai` (`user_id`, `nip_pegawai`, `nama_pegawai`, `subag_pegawai`, `jenis_kelamin_pegawai`, `ttd_pegawai`, `pegawai_published`, `pegawai_created_at`, `pagawai_updated_at`) VALUES
('USR-575068889-20190203091221', 123, 'peagwai oke', '3', 0, 'http://localhost/ebon/uploads/pegawai/ttd-USR-575068889-20190203091221.jpg', 1, '2019-06-19 11:58:16', '2019-06-19 11:58:16'),
('USR-8068201811180337385788', 12345, 'super admin', '1', 1, 'http://localhost/ebon/uploads/pegawai/ttd-USR-981722657-20190203100541.jpg', 0, '2019-06-19 11:58:16', '2019-06-19 11:58:16'),
('USR-981722657-20190203100541', 1234, 'pegawai oke lagi', '7', 0, 'http://localhost/ebon/uploads/pegawai/ttd-USR-981722657-20190203100541.jpg', 1, '2019-06-19 11:58:16', '2019-06-19 11:58:16'),
('USR-1560770359030417829435', 345342534, 'dfasdasd', '1', 0, 'lorem', 1, '2019-06-19 11:58:16', '2019-06-19 11:58:16'),
('USR-1560922769527355682832', 123123, 'asdasdasd', '9', 0, 'lorem', 1, '2019-06-19 11:58:16', '2019-06-19 11:58:16'),
('USR-157038564728327508744', 1234, 'makan bang 123', '8', 0, 'lorem', 0, '2019-10-06 18:14:07', '2019-10-06 18:14:07');

-- --------------------------------------------------------

--
-- Table structure for table `ebon_sessions`
--

CREATE TABLE `ebon_sessions` (
  `id` varchar(128) NOT NULL,
  `ip_address` varchar(45) NOT NULL,
  `timestamp` int(10) UNSIGNED NOT NULL DEFAULT '0',
  `data` blob NOT NULL
) ENGINE=MyISAM DEFAULT CHARSET=latin1;

--
-- Dumping data for table `ebon_sessions`
--

INSERT INTO `ebon_sessions` (`id`, `ip_address`, `timestamp`, `data`) VALUES
('d24f048d080f9d74dd8a08e2e7cb53311274174a', '180.248.43.244', 1560316935, 0x5f5f63695f6c6173745f726567656e65726174657c693a313536303331363839393b636c69656e745f65626f6e7061737c613a333a7b733a383a226c6f67696e5f6964223b733a32373a224c474e2d32303533363033302d3230313930323038303334313534223b733a31353a2263757272656e745f757365725f6964223b733a32383a225553522d3537353036383838392d3230313930323033303931323231223b733a343a22726f6c65223b693a303b7d),
('92ae7431336d64a999013cbe2c4cf1c5e5e13077', '37.9.113.148', 1559018734, 0x5f5f63695f6c6173745f726567656e65726174657c693a313535393031383733343b),
('a6190bc452c5a1cb139e0faa9e6e5a0c2ea2d993', '37.9.113.176', 1559746973, 0x5f5f63695f6c6173745f726567656e65726174657c693a313535393734363937323b),
('36e82c7c3f40929a54cca38928e5e81c86a61d8f', '5.45.207.83', 1557990549, 0x5f5f63695f6c6173745f726567656e65726174657c693a313535373939303534383b),
('1a42581626c2abb78dd55be2b867000ab7429122', '103.77.157.243', 1558665112, 0x5f5f63695f6c6173745f726567656e65726174657c693a313535383636353131313b),
('a48a21b2099958334569a050ad658082cdab5c3e', '213.180.203.16', 1556472225, 0x5f5f63695f6c6173745f726567656e65726174657c693a313535363437323232353b),
('3012a27ff987083415b7ecf5ab31ba9aaeeb7e7c', '37.9.113.89', 1557238411, 0x5f5f63695f6c6173745f726567656e65726174657c693a313535373233383431303b),
('84f9f75dad8f3894b17f080513c6280ae519128b', '64.233.173.28', 1554569723, 0x5f5f63695f6c6173745f726567656e65726174657c693a313535343536393732333b),
('bb5ed3f12a064e80572e48609479f7e754757c70', '37.9.113.148', 1555467779, 0x5f5f63695f6c6173745f726567656e65726174657c693a313535353436373737383b),
('16442880096ac6727f6f7848c95956490a66648c', '141.8.132.25', 1554527034, 0x5f5f63695f6c6173745f726567656e65726174657c693a313535343532373033333b),
('713663a9d00f8528d2d3edee3df7783e4377f1a2', '64.233.173.28', 1554563540, 0x5f5f63695f6c6173745f726567656e65726174657c693a313535343536333534303b),
('c38fd2b414f28abc5781ab3b086b2f6476bfcadf', '64.233.173.26', 1554564291, 0x5f5f63695f6c6173745f726567656e65726174657c693a313535343536333537313b),
('a85f55bec8038711fd52067f0e068f9e64eb42e4', '114.4.219.10', 1554206443, 0x5f5f63695f6c6173745f726567656e65726174657c693a313535343230363434333b),
('53f0aaafe5616e370887345b2b7dfa9e9144b706', '114.4.219.10', 1554207285, 0x5f5f63695f6c6173745f726567656e65726174657c693a313535343230373030303b636c69656e745f65626f6e7061737c613a333a7b733a383a226c6f67696e5f6964223b733a32373a224c474e2d32303533363033302d3230313930323038303334313534223b733a31353a2263757272656e745f757365725f6964223b733a32383a225553522d3537353036383838392d3230313930323033303931323231223b733a343a22726f6c65223b693a303b7d),
('03dc18c3c70d43466937dd95532972f23166ce88', '114.125.95.217', 1554638886, 0x5f5f63695f6c6173745f726567656e65726174657c693a313535343230363035393b636c69656e745f65626f6e7061737c613a333a7b733a383a226c6f67696e5f6964223b733a32373a224c474e2d32303533363033302d3230313930323038303334313534223b733a31353a2263757272656e745f757365725f6964223b733a32383a225553522d3537353036383838392d3230313930323033303931323231223b733a343a22726f6c65223b693a303b7d),
('f1c08993764cb79d727bd5be4f9bd37c37b8f0d8', '114.125.92.218', 1554206334, 0x5f5f63695f6c6173745f726567656e65726174657c693a313535343230353938323b61646d696e5f65626f6e7061737c613a333a7b733a383a226c6f67696e5f6964223b733a313a2231223b733a31353a2263757272656e745f757365725f6964223b733a32363a225553522d38303638323031383131313830333337333835373838223b733a343a22726f6c65223b693a313b7d),
('828049b095201ff70d28f11b1db1ef433946bef9', '178.154.171.15', 1553448858, 0x5f5f63695f6c6173745f726567656e65726174657c693a313535333434383835373b),
('e63602966b7bbe6563af84f6e1bc8c74fa403da3', '114.125.78.78', 1554206949, 0x5f5f63695f6c6173745f726567656e65726174657c693a313535343230353930393b636c69656e745f65626f6e7061737c613a333a7b733a383a226c6f67696e5f6964223b733a32373a224c474e2d32303533363033302d3230313930323038303334313534223b733a31353a2263757272656e745f757365725f6964223b733a32383a225553522d3537353036383838392d3230313930323033303931323231223b733a343a22726f6c65223b693a303b7d),
('d3e2cfd44d0f260ece4129bc127510f1e03858e6', '64.233.173.28', 1553253625, 0x5f5f63695f6c6173745f726567656e65726174657c693a313535333235333632353b),
('2ddd28d9f9fd84736463153eb4af0ac00c1bd5fb', '213.180.203.16', 1553334718, 0x5f5f63695f6c6173745f726567656e65726174657c693a313535333333343731373b),
('8b6428abceb5f0ea1eba05d9abd0199611567905', '64.233.173.28', 1552818453, 0x5f5f63695f6c6173745f726567656e65726174657c693a313535323831383238373b61646d696e5f65626f6e7061737c613a333a7b733a383a226c6f67696e5f6964223b733a313a2231223b733a31353a2263757272656e745f757365725f6964223b733a32363a225553522d38303638323031383131313830333337333835373838223b733a343a22726f6c65223b693a313b7d),
('3778012d4d09d0688d4491cf34e5053b2db76b4f', '213.180.203.50', 1553196829, 0x5f5f63695f6c6173745f726567656e65726174657c693a313535333139363832383b),
('c5dc4825c83e83045eca47770a21af5ffdcecfd9', '64.233.173.26', 1552818285, 0x5f5f63695f6c6173745f726567656e65726174657c693a313535323831383238343b),
('f77bd57141a413aedf52f20672397bd605a89021', '202.67.46.36', 1552615985, 0x5f5f63695f6c6173745f726567656e65726174657c693a313535323631353938343b),
('9ff4f2023722286f907fb0a5fc2ddfe653bf295c', '116.206.40.52', 1552531969, 0x5f5f63695f6c6173745f726567656e65726174657c693a313535323533313830363b636c69656e745f65626f6e7061737c613a333a7b733a383a226c6f67696e5f6964223b733a32373a224c474e2d32303533363033302d3230313930323038303334313534223b733a31353a2263757272656e745f757365725f6964223b733a32383a225553522d3537353036383838392d3230313930323033303931323231223b733a343a22726f6c65223b693a303b7d),
('485723e04afa7de9c8daf1f6412b2246d8a1a95c', '95.24.3.253', 1560392905, 0x5f5f63695f6c6173745f726567656e65726174657c693a313536303339323930343b);

-- --------------------------------------------------------

--
-- Table structure for table `login`
--

CREATE TABLE `login` (
  `login_id` varchar(50) NOT NULL,
  `user_id` varchar(50) NOT NULL,
  `username` varchar(30) NOT NULL,
  `password` text NOT NULL,
  `published` tinyint(1) NOT NULL DEFAULT '1',
  `user_login_created_at` timestamp NOT NULL DEFAULT CURRENT_TIMESTAMP,
  `user_login_updated_at` timestamp NOT NULL DEFAULT CURRENT_TIMESTAMP,
  `user_login_role` tinyint(1) NOT NULL DEFAULT '1'
) ENGINE=MyISAM DEFAULT CHARSET=latin1;

--
-- Dumping data for table `login`
--

INSERT INTO `login` (`login_id`, `user_id`, `username`, `password`, `published`, `user_login_created_at`, `user_login_updated_at`, `user_login_role`) VALUES
('1', 'USR-8068201811180337385788', 'admin', 'admin', 1, '2019-06-19 11:58:16', '2019-06-19 11:58:16', 1),
('2', 'USR-8068201811180337385788', 'user', 'user', 1, '2019-06-19 11:58:16', '2019-06-19 11:58:16', 0),
('LGN-19741336-20190208075234', 'USR-8068201811180337385788', 'adminbaru', 'adminbaru', 1, '2019-06-19 11:58:16', '2019-06-19 11:58:16', 1),
('LGN-20536030-20190208034154', 'USR-575068889-20190203091221', 'user9098', 'user1', 1, '2019-06-19 11:58:16', '2019-06-19 11:58:16', 0),
('LGN-21143506-20190208012521', 'USR-575068889-20190203091221', 'user123456', 'user1', 0, '2019-06-19 11:58:16', '2019-06-19 11:58:16', 0),
('LGN-24137646-20190208085316', 'USR-981722657-20190203100541', '1111', 'user009', 1, '2019-06-19 11:58:16', '2019-06-19 11:58:16', 0),
('LGN-41907154-20190208075342', 'LGN-41907154-20190208075342', 'qwerty', 'admin234', 0, '2019-06-19 11:58:16', '2019-06-19 11:58:16', 1),
('LGN-1560764223378107699218', 'LGN-1560764223378107699218', 'makanbang', 'user1234', 0, '2019-06-19 11:58:16', '2019-06-19 11:58:16', 1),
('LGN-1560764272069446140847', 'USR-8068201811180337385788', 'adas12312', '342354634', 1, '2019-06-19 11:58:16', '2019-06-19 11:58:16', 0);

-- --------------------------------------------------------

--
-- Table structure for table `master_blok`
--

CREATE TABLE `master_blok` (
  `blok_master_id` varchar(50) NOT NULL,
  `blok_nama` text NOT NULL,
  `blok_published` tinyint(1) NOT NULL DEFAULT '1',
  `blok_created_at` timestamp NOT NULL DEFAULT CURRENT_TIMESTAMP,
  `blok_updated_at` timestamp NOT NULL DEFAULT CURRENT_TIMESTAMP
) ENGINE=MyISAM DEFAULT CHARSET=latin1;

--
-- Dumping data for table `master_blok`
--

INSERT INTO `master_blok` (`blok_master_id`, `blok_nama`, `blok_published`, `blok_created_at`, `blok_updated_at`) VALUES
('BLK-001', 'BLOK 1', 1, '2019-06-19 11:58:16', '2019-06-19 11:58:16'),
('BLK-002', 'BLOK 2', 1, '2019-06-19 11:58:16', '2019-06-19 11:58:16'),
('BLK-004', 'BLOK 4', 1, '2019-06-19 11:58:16', '2019-06-19 11:58:16'),
('BLK-005', 'BLOK 5', 1, '2019-06-19 11:58:16', '2019-06-19 11:58:16'),
('BLOK-003', 'BLOK 3', 1, '2019-06-19 11:58:16', '2019-06-19 11:58:16'),
('BLK-157037761671919139873', 'BLOK 6', 1, '2019-10-06 16:00:16', '2019-10-06 16:00:16'),
('BLK-157037773778890540739', 'BLOK 7', 1, '2019-10-06 16:02:17', '2019-10-06 16:02:17');

-- --------------------------------------------------------

--
-- Table structure for table `master_kamar`
--

CREATE TABLE `master_kamar` (
  `master_kamar_id` varchar(50) NOT NULL,
  `master_blok_id` varchar(50) NOT NULL,
  `nama_kamar` text NOT NULL,
  `kamar_published` tinyint(1) NOT NULL DEFAULT '1',
  `kamar_created_at` timestamp NOT NULL DEFAULT CURRENT_TIMESTAMP,
  `kamar_updated_at` timestamp NOT NULL DEFAULT CURRENT_TIMESTAMP
) ENGINE=MyISAM DEFAULT CHARSET=latin1;

--
-- Dumping data for table `master_kamar`
--

INSERT INTO `master_kamar` (`master_kamar_id`, `master_blok_id`, `nama_kamar`, `kamar_published`, `kamar_created_at`, `kamar_updated_at`) VALUES
('KMR-13554781-20190123024355', 'BLK-005', 'kamar 6', 1, '2019-06-19 11:58:17', '2019-06-19 11:58:17'),
('KMR-164365261-20190123023044', 'BLK-001', 'kamar 2', 1, '2019-06-19 11:58:17', '2019-06-19 11:58:17'),
('KMR-34296765-20190123023053', 'BLK-001', 'kamar 3', 1, '2019-06-19 11:58:17', '2019-06-19 11:58:17'),
('KMR-461675155-20190123021437', 'BLK-001', 'kamar 1', 1, '2019-06-19 11:58:17', '2019-06-19 11:58:17'),
('KMR-95031715-20190123074509', 'BLK-002', 'Sel 1', 1, '2019-06-19 11:58:17', '2019-06-19 11:58:17'),
('KMR-157037388068298278674', 'BLK-002', 'kamar 1', 1, '2019-10-06 14:58:00', '2019-10-06 14:58:00'),
('KMR-157037474281497838709', 'BLK-002', 'kamar 2', 1, '2019-10-06 15:12:22', '2019-10-06 15:12:22'),
('KMR-157037681559568992202', 'BLK-002', 'kamar 3', 1, '2019-10-06 15:46:55', '2019-10-06 15:46:55'),
('KMR-157037692222170966151', 'BLK-002', 'kamar 5', 1, '2019-10-06 15:48:42', '2019-10-06 15:48:42');

-- --------------------------------------------------------

--
-- Table structure for table `master_subagian`
--

CREATE TABLE `master_subagian` (
  `subagian_id` int(11) NOT NULL,
  `nama` text NOT NULL,
  `bagian_warna` text NOT NULL,
  `published` tinyint(1) NOT NULL DEFAULT '1'
) ENGINE=MyISAM DEFAULT CHARSET=latin1;

--
-- Dumping data for table `master_subagian`
--

INSERT INTO `master_subagian` (`subagian_id`, `nama`, `bagian_warna`, `published`) VALUES
(1, 'TU', '23eae6', 1),
(2, 'KPLP', 'e86ed0', 1),
(3, 'REGISTRASI', '94fc13', 1),
(4, 'PLOKLINIK', 'd34848', 1),
(5, 'KAMTIB', 'e41749', 1),
(6, 'KOPERASI', '7b88ff', 1),
(7, 'BIMPAS', 'ffe837', 1),
(8, 'BENGKER', 'ff0b55', 1),
(9, 'POS 3.1', 'f9fd50', 1),
(10, '10', '1111', 1),
(11, 'oke makanbang', 'b31a1aff', 1),
(12, 'oke oke', 'b31a1aff', 1);

-- --------------------------------------------------------

--
-- Table structure for table `notif`
--

CREATE TABLE `notif` (
  `notif_id` int(100) NOT NULL,
  `notif_user_id` varchar(50) NOT NULL,
  `notif_user_role` int(2) NOT NULL,
  `notif_url` text NOT NULL,
  `notif_status` tinyint(1) NOT NULL DEFAULT '1'
) ENGINE=MyISAM DEFAULT CHARSET=latin1;

--
-- Indexes for dumped tables
--

--
-- Indexes for table `bon`
--
ALTER TABLE `bon`
  ADD PRIMARY KEY (`bon_id`);

--
-- Indexes for table `bon_detail`
--
ALTER TABLE `bon_detail`
  ADD PRIMARY KEY (`bon_detail_id`);

--
-- Indexes for table `data_napi`
--
ALTER TABLE `data_napi`
  ADD PRIMARY KEY (`napi_id`),
  ADD KEY `napi_kamar` (`napi_kamar`),
  ADD KEY `napi_booked_by` (`napi_booked_by`);

--
-- Indexes for table `data_pegawai`
--
ALTER TABLE `data_pegawai`
  ADD PRIMARY KEY (`user_id`);

--
-- Indexes for table `ebon_sessions`
--
ALTER TABLE `ebon_sessions`
  ADD KEY `ci_sessions_timestamp` (`timestamp`);

--
-- Indexes for table `login`
--
ALTER TABLE `login`
  ADD PRIMARY KEY (`login_id`),
  ADD KEY `user_id` (`user_id`);

--
-- Indexes for table `master_blok`
--
ALTER TABLE `master_blok`
  ADD PRIMARY KEY (`blok_master_id`);

--
-- Indexes for table `master_kamar`
--
ALTER TABLE `master_kamar`
  ADD PRIMARY KEY (`master_kamar_id`),
  ADD KEY `master_blok_id` (`master_blok_id`);

--
-- Indexes for table `master_subagian`
--
ALTER TABLE `master_subagian`
  ADD PRIMARY KEY (`subagian_id`);

--
-- Indexes for table `notif`
--
ALTER TABLE `notif`
  ADD PRIMARY KEY (`notif_id`),
  ADD KEY `notif_user_id` (`notif_user_id`);

--
-- AUTO_INCREMENT for dumped tables
--

--
-- AUTO_INCREMENT for table `master_subagian`
--
ALTER TABLE `master_subagian`
  MODIFY `subagian_id` int(11) NOT NULL AUTO_INCREMENT, AUTO_INCREMENT=13;
--
-- AUTO_INCREMENT for table `notif`
--
ALTER TABLE `notif`
  MODIFY `notif_id` int(100) NOT NULL AUTO_INCREMENT;
/*!40101 SET CHARACTER_SET_CLIENT=@OLD_CHARACTER_SET_CLIENT */;
/*!40101 SET CHARACTER_SET_RESULTS=@OLD_CHARACTER_SET_RESULTS */;
/*!40101 SET COLLATION_CONNECTION=@OLD_COLLATION_CONNECTION */;
